batch_id,hour,pH,temperature_C,dissolved_oxygen_pct,feed_rate_L_hr,biomass_g_L
B2026-0001,0,6.03,29.58,31.78,1.07,3.98
B2026-0001,6,6.08,29.55,35.34,1.06,11.25
B2026-0001,12,5.97,29.75,29.5,1.41,17.01
B2026-0001,18,5.87,29.72,28.96,1.57,21.9
B2026-0001,24,5.8,29.85,28.4,1.68,26.36
B2026-0001,30,5.7,29.44,29.39,1.97,31.98
B2026-0001,36,5.75,29.59,26.36,1.86,31.11
B2026-0001,42,5.71,29.81,25.43,2.24,33.86
B2026-0001,48,5.66,29.45,22.31,2.55,35.15
B2026-0001,54,5.65,29.62,22.13,2.9,34.63
B2026-0001,60,5.67,29.68,19.08,3.11,33.76
B2026-0001,66,5.55,29.85,20.41,3.16,33.53
B2026-0001,72,5.59,29.71,16.21,3.31,34.93
B2026-0002,0,6.02,29.87,32.12,1.37,3.44
B2026-0002,6,6.04,30.16,32.22,1.56,13.92
B2026-0002,12,5.94,29.78,30.04,1.87,22.97
B2026-0002,18,5.99,30.07,27.61,2.13,22.09
B2026-0002,24,5.75,29.84,25.43,2.11,26.01
B2026-0002,30,5.8,29.94,22.62,2.58,31.73
B2026-0002,36,5.81,29.88,22.22,2.87,29.65
B2026-0002,42,5.68,30.12,19.94,3.0,31.93
B2026-0002,48,5.7,29.67,19.11,3.49,33.52
B2026-0002,54,5.78,30.16,20.51,3.98,34.59
B2026-0002,60,5.62,30.11,14.91,3.91,32.92
B2026-0002,66,5.59,29.87,13.07,4.2,34.0
B2026-0002,72,5.41,29.75,10.56,4.3,35.05
B2026-0003,0,5.76,30.35,48.38,1.11,4.91
B2026-0003,6,5.72,30.36,47.13,1.21,14.69
B2026-0003,12,5.52,30.15,43.1,1.49,21.44
B2026-0003,18,5.54,30.41,39.78,1.4,23.24
B2026-0003,24,5.56,29.96,41.84,1.8,28.41
B2026-0003,30,5.51,30.19,38.9,2.11,24.89
B2026-0003,36,5.44,30.2,35.2,2.06,30.62
B2026-0003,42,5.42,30.2,37.05,2.25,31.31
B2026-0003,48,5.4,30.19,30.73,2.52,32.17
B2026-0003,54,5.45,30.28,34.97,2.53,32.9
B2026-0003,60,5.26,30.09,33.55,3.02,32.17
B2026-0003,66,5.26,30.18,30.63,2.82,31.8
B2026-0003,72,5.28,29.9,26.98,3.23,35.06
B2026-0004,0,5.47,29.24,56.69,1.18,3.03
B2026-0004,6,5.44,29.35,56.85,1.46,14.61
B2026-0004,12,5.36,29.22,51.36,1.56,17.57
B2026-0004,18,5.43,29.43,49.64,1.87,23.93
B2026-0004,24,5.36,29.09,48.38,2.01,27.76
B2026-0004,30,5.24,28.92,44.92,2.23,29.24
B2026-0004,36,5.33,29.38,45.66,2.45,32.46
B2026-0004,42,5.16,29.27,41.74,2.84,32.58
B2026-0004,48,5.11,29.28,43.35,2.86,32.04
B2026-0004,54,5.07,29.35,40.03,3.05,31.45
B2026-0004,60,5.07,29.27,38.52,3.35,35.02
B2026-0004,66,5.07,29.38,37.1,3.47,32.64
B2026-0004,72,4.95,29.3,34.43,3.77,32.98
B2026-0005,0,6.01,30.63,44.94,1.07,2.36
B2026-0005,6,6.09,30.71,43.5,1.36,14.39
B2026-0005,12,5.92,30.8,47.61,1.29,18.94
B2026-0005,18,5.94,30.47,40.31,1.93,23.43
B2026-0005,24,5.89,30.48,40.59,1.92,24.36
B2026-0005,30,6.02,30.41,37.7,2.23,29.97
B2026-0005,36,5.97,30.59,33.36,2.34,30.21
B2026-0005,42,5.8,30.25,36.45,2.59,34.23
B2026-0005,48,5.88,30.47,34.1,2.8,33.78
B2026-0005,54,5.7,30.34,31.06,3.11,32.97
B2026-0005,60,5.75,30.39,33.53,3.23,36.32
B2026-0005,66,5.59,30.51,27.5,3.57,35.41
B2026-0005,72,5.7,30.69,26.08,3.86,33.26
B2026-0006,0,5.74,29.87,27.04,1.53,1.13
B2026-0006,6,5.76,30.27,28.58,1.71,10.69
B2026-0006,12,5.75,29.7,26.97,2.04,21.83
B2026-0006,18,5.57,30.18,22.97,2.31,21.54
B2026-0006,24,5.67,30.15,25.15,2.76,25.94
B2026-0006,30,5.53,29.84,22.95,2.83,31.37
B2026-0006,36,5.58,30.09,17.8,3.29,30.78
B2026-0006,42,5.49,30.15,16.55,3.4,32.89
B2026-0006,48,5.46,30.12,14.34,3.63,35.45
B2026-0006,54,5.52,30.18,12.89,4.03,35.53
B2026-0006,60,5.36,29.95,15.83,4.34,36.55
B2026-0006,66,5.26,30.12,14.64,4.64,33.81
B2026-0006,72,5.23,30.21,7.38,4.91,32.58
B2026-0007,0,6.21,28.85,44.41,0.98,6.3
B2026-0007,6,6.06,28.51,39.37,1.26,10.61
B2026-0007,12,6.0,28.79,40.56,1.59,18.0
B2026-0007,18,6.0,28.96,39.03,1.81,21.25
B2026-0007,24,6.04,28.6,40.24,1.96,27.75
B2026-0007,30,5.95,28.61,38.74,2.1,30.31
B2026-0007,36,5.85,28.73,34.05,2.41,29.19
B2026-0007,42,5.84,28.68,32.31,2.61,32.19
B2026-0007,48,5.75,28.66,29.8,3.11,34.43
B2026-0007,54,5.76,28.85,26.27,2.74,32.86
B2026-0007,60,5.62,28.64,29.05,3.37,32.19
B2026-0007,66,5.69,28.68,27.75,3.41,36.28
B2026-0007,72,5.61,28.94,23.89,3.77,34.34
B2026-0008,0,5.57,28.72,44.1,0.4,1.0
B2026-0008,6,5.62,28.81,46.89,0.86,10.85
B2026-0008,12,5.48,28.63,39.52,1.19,22.44
B2026-0008,18,5.49,28.63,37.36,1.32,23.71
B2026-0008,24,5.41,28.7,37.19,1.29,24.66
B2026-0008,30,5.45,28.61,39.1,1.38,28.94
B2026-0008,36,5.27,28.74,33.45,1.49,30.81
B2026-0008,42,5.31,28.37,33.15,1.78,31.43
B2026-0008,48,5.24,28.65,31.78,1.69,32.79
B2026-0008,54,5.27,28.47,29.7,1.79,34.87
B2026-0008,60,5.17,28.5,29.05,1.95,32.34
B2026-0008,66,5.04,28.47,30.0,2.14,34.91
B2026-0008,72,5.04,28.74,23.65,2.37,34.51
B2026-0009,0,6.02,30.09,61.58,1.37,7.21
B2026-0009,6,5.74,29.87,60.71,1.48,12.29
B2026-0009,12,5.72,30.2,56.76,1.75,20.65
B2026-0009,18,5.76,29.84,55.32,1.99,22.46
B2026-0009,24,5.73,29.78,58.06,2.28,27.11
B2026-0009,30,5.76,29.93,53.4,2.45,28.86
B2026-0009,36,5.63,29.87,49.22,2.69,31.34
B2026-0009,42,5.6,30.17,55.6,3.09,34.07
B2026-0009,48,5.6,30.25,53.8,3.36,33.91
B2026-0009,54,5.5,29.99,47.84,3.57,32.38
B2026-0009,60,5.46,29.64,50.38,3.71,34.58
B2026-0009,66,5.51,30.04,48.24,3.83,37.8
B2026-0009,72,5.45,30.02,46.62,4.09,34.0
B2026-0010,0,6.29,29.57,35.46,1.12,6.95
B2026-0010,6,6.07,30.09,31.64,1.2,10.95
B2026-0010,12,6.05,29.91,28.95,1.55,18.09
B2026-0010,18,6.0,29.77,30.27,1.63,23.65
B2026-0010,24,6.08,30.01,27.39,1.73,26.94
B2026-0010,30,6.02,29.63,24.65,1.97,28.83
B2026-0010,36,5.91,29.95,21.63,2.07,30.3
B2026-0010,42,5.9,29.63,22.05,2.41,31.4
B2026-0010,48,5.88,29.75,24.63,2.72,31.64
B2026-0010,54,5.83,29.86,22.52,2.79,34.61
B2026-0010,60,5.79,30.07,21.09,3.09,33.5
B2026-0010,66,5.77,29.82,20.29,3.28,33.6
B2026-0010,72,5.67,29.66,16.46,3.37,36.08
B2026-0011,0,6.2,29.95,45.18,0.94,7.03
B2026-0011,6,6.21,29.95,42.43,1.51,13.2
B2026-0011,12,6.25,30.01,43.23,1.72,22.03
B2026-0011,18,6.21,29.66,43.35,1.81,25.84
B2026-0011,24,6.11,30.09,35.16,2.19,26.45
B2026-0011,30,6.16,29.99,36.83,2.08,29.02
B2026-0011,36,6.05,29.96,35.3,2.52,30.88
B2026-0011,42,6.06,29.59,32.97,2.76,30.63
B2026-0011,48,5.97,30.11,32.29,3.01,34.16
B2026-0011,54,5.96,29.91,27.24,3.18,34.71
B2026-0011,60,5.86,29.77,23.67,3.58,33.07
B2026-0011,66,5.84,30.11,22.84,3.7,33.95
B2026-0011,72,5.8,30.11,21.22,4.01,35.98
B2026-0012,0,6.28,29.96,60.48,1.21,4.87
B2026-0012,6,6.29,29.83,60.04,1.54,13.07
B2026-0012,12,6.12,29.96,56.87,1.48,18.54
B2026-0012,18,6.09,30.07,55.23,1.65,24.12
B2026-0012,24,6.13,30.06,52.53,1.97,25.67
B2026-0012,30,6.06,29.98,52.03,2.27,28.51
B2026-0012,36,6.03,30.36,48.61,2.45,35.75
B2026-0012,42,6.03,29.77,50.25,2.63,33.36
B2026-0012,48,5.95,29.91,50.2,3.03,34.31
B2026-0012,54,5.95,29.91,46.62,3.33,33.66
B2026-0012,60,5.99,30.11,44.24,3.44,34.1
B2026-0012,66,5.76,29.97,42.67,3.58,34.71
B2026-0012,72,5.8,30.1,41.97,3.88,32.38
B2026-0013,0,5.8,30.14,49.44,1.1,3.27
B2026-0013,6,5.74,30.37,48.91,1.34,13.72
B2026-0013,12,5.61,30.13,47.11,1.52,19.46
B2026-0013,18,5.58,30.25,43.61,1.87,22.24
B2026-0013,24,5.49,30.08,41.12,2.13,25.37
B2026-0013,30,5.44,30.35,40.54,2.2,27.63
B2026-0013,36,5.49,30.28,41.58,2.5,30.91
B2026-0013,42,5.36,30.04,41.1,2.75,30.95
B2026-0013,48,5.36,30.11,34.68,2.89,32.22
B2026-0013,54,5.26,29.94,32.22,3.04,33.33
B2026-0013,60,5.22,30.26,33.64,3.37,33.62
B2026-0013,66,5.18,30.18,29.66,3.58,32.8
B2026-0013,72,5.24,30.11,32.72,3.6,33.42
B2026-0014,0,6.47,30.84,53.84,1.35,6.76
B2026-0014,6,6.39,30.83,47.04,1.65,9.27
B2026-0014,12,6.3,30.73,44.71,1.9,20.44
B2026-0014,18,6.29,30.52,44.81,1.99,23.44
B2026-0014,24,6.29,30.62,47.52,2.28,28.92
B2026-0014,30,6.18,30.67,44.96,2.76,28.51
B2026-0014,36,6.23,30.73,39.93,2.95,33.6
B2026-0014,42,6.19,30.75,40.77,2.96,32.68
B2026-0014,48,6.05,30.57,42.16,3.36,31.74
B2026-0014,54,6.14,30.52,35.36,3.79,33.52
B2026-0014,60,5.94,30.74,33.88,4.08,32.98
B2026-0014,66,6.05,30.93,31.39,4.13,34.79
B2026-0014,72,5.9,30.7,31.06,4.38,34.51
B2026-0015,0,5.87,29.25,45.72,0.83,3.82
B2026-0015,6,5.83,29.16,45.98,0.85,11.69
B2026-0015,12,5.77,29.09,47.01,1.24,19.35
B2026-0015,18,5.72,29.22,39.74,1.39,22.19
B2026-0015,24,5.69,28.84,38.33,1.75,28.07
B2026-0015,30,5.74,29.43,40.35,1.69,27.59
B2026-0015,36,5.69,29.23,42.4,1.87,33.76
B2026-0015,42,5.57,29.42,39.23,1.97,31.27
B2026-0015,48,5.47,29.04,35.58,2.24,32.92
B2026-0015,54,5.53,28.94,35.24,2.39,34.26
B2026-0015,60,5.49,29.43,30.87,2.34,33.98
B2026-0015,66,5.42,29.07,29.79,2.73,32.19
B2026-0015,72,5.41,29.14,27.1,2.88,36.29
B2026-0016,0,6.37,29.19,47.76,1.15,6.02
B2026-0016,6,6.37,29.28,48.27,1.13,11.47
B2026-0016,12,6.28,29.07,43.34,1.28,17.06
B2026-0016,18,6.23,29.17,42.3,1.72,22.94
B2026-0016,24,6.27,29.16,43.7,1.95,24.73
B2026-0016,30,6.16,28.99,40.51,2.04,29.72
B2026-0016,36,6.04,29.18,40.28,2.45,29.66
B2026-0016,42,6.08,29.21,40.65,2.37,30.63
B2026-0016,48,6.21,29.14,32.19,2.68,28.69
B2026-0016,54,6.01,29.3,32.57,2.9,34.84
B2026-0016,60,5.85,28.98,32.35,3.08,33.45
B2026-0016,66,5.84,29.21,30.92,3.44,34.51
B2026-0016,72,5.88,28.96,30.62,3.54,34.18
B2026-0017,0,6.21,29.13,54.92,1.5,5.13
B2026-0017,6,6.05,28.91,52.8,1.59,11.67
B2026-0017,12,6.13,29.11,48.21,1.89,17.41
B2026-0017,18,6.01,29.4,47.89,2.23,25.3
B2026-0017,24,5.98,28.88,43.68,2.42,24.5
B2026-0017,30,5.92,29.29,47.24,2.51,28.18
B2026-0017,36,5.89,29.29,42.41,2.96,29.61
B2026-0017,42,5.86,29.3,40.34,3.18,32.22
B2026-0017,48,5.86,29.26,40.31,3.26,31.9
B2026-0017,54,5.84,29.33,35.92,3.61,29.9
B2026-0017,60,5.7,29.38,36.14,3.85,29.37
B2026-0017,66,5.66,29.29,35.73,4.21,33.89
B2026-0017,72,5.64,29.03,32.81,4.19,31.66
B2026-0018,0,5.6,30.43,38.98,1.1,3.23
B2026-0018,6,5.52,30.34,33.6,1.21,12.71
B2026-0018,12,5.6,30.09,32.68,1.38,17.96
B2026-0018,18,5.5,30.35,32.35,1.72,23.83
B2026-0018,24,5.56,30.18,34.77,1.87,27.48
B2026-0018,30,5.37,29.81,32.36,2.14,29.86
B2026-0018,36,5.39,30.43,29.1,2.35,31.7
B2026-0018,42,5.48,30.15,27.13,2.32,34.32
B2026-0018,48,5.36,30.27,33.09,2.74,30.89
B2026-0018,54,5.28,30.06,24.48,2.86,32.58
B2026-0018,60,5.17,30.44,24.29,3.09,35.03
B2026-0018,66,5.24,30.24,23.48,3.33,35.21
B2026-0018,72,5.21,30.23,20.08,3.71,33.72
B2026-0019,0,6.06,30.93,51.81,0.78,3.47
B2026-0019,6,5.97,30.65,50.14,1.08,14.69
B2026-0019,12,5.99,30.48,51.14,1.15,19.76
B2026-0019,18,5.91,30.84,48.07,1.38,25.61
B2026-0019,24,5.87,31.03,48.57,1.63,24.15
B2026-0019,30,5.9,30.8,46.54,1.6,27.37
B2026-0019,36,5.91,30.73,45.82,1.9,30.17
B2026-0019,42,5.74,30.68,41.91,1.92,31.4
B2026-0019,48,5.76,30.91,37.39,2.32,32.84
B2026-0019,54,5.63,30.98,38.44,2.25,36.23
B2026-0019,60,5.62,30.86,36.38,2.7,33.11
B2026-0019,66,5.49,30.77,38.26,2.82,33.83
B2026-0019,72,5.62,30.98,33.49,2.87,34.93
B2026-0020,0,6.23,29.7,35.63,1.12,3.72
B2026-0020,6,6.22,29.85,29.74,1.52,12.06
B2026-0020,12,6.25,29.69,35.44,1.9,18.47
B2026-0020,18,6.17,29.64,31.98,1.91,22.36
B2026-0020,24,6.14,29.88,24.28,2.49,26.62
B2026-0020,30,5.96,29.25,24.04,2.57,29.05
B2026-0020,36,6.07,29.62,23.3,2.78,30.86
B2026-0020,42,6.0,29.58,25.74,3.0,30.69
B2026-0020,48,5.91,29.86,22.08,3.24,34.24
B2026-0020,54,6.03,29.73,23.23,3.7,32.55
B2026-0020,60,5.86,29.51,18.77,3.76,33.29
B2026-0020,66,5.77,29.65,18.66,4.07,31.41
B2026-0020,72,5.73,29.47,16.5,4.39,34.82
B2026-0021,0,6.32,28.29,47.69,1.27,5.11
B2026-0021,6,6.37,28.39,45.83,1.82,12.05
B2026-0021,12,6.32,28.17,45.01,1.65,18.63
B2026-0021,18,6.25,28.19,47.39,2.07,22.75
B2026-0021,24,6.14,28.16,44.36,2.65,25.78
B2026-0021,30,6.11,28.08,43.32,2.88,28.99
B2026-0021,36,6.03,28.05,39.47,3.08,27.71
B2026-0021,42,6.05,28.49,37.11,3.46,32.97
B2026-0021,48,5.97,28.2,35.7,3.43,31.39
B2026-0021,54,6.08,28.1,36.53,3.76,33.42
B2026-0021,60,5.98,28.16,33.93,3.84,34.55
B2026-0021,66,5.76,28.21,32.92,4.43,32.26
B2026-0021,72,5.79,28.15,30.0,4.38,34.41
B2026-0022,0,6.12,28.76,48.48,1.21,3.19
B2026-0022,6,5.94,28.83,43.94,1.34,13.51
B2026-0022,12,6.1,28.8,45.37,1.46,19.45
B2026-0022,18,5.97,28.99,41.6,1.83,25.18
B2026-0022,24,5.93,28.64,46.2,1.95,26.73
B2026-0022,30,5.91,28.85,39.13,2.28,28.79
B2026-0022,36,5.78,29.13,37.49,2.6,30.3
B2026-0022,42,5.79,28.74,33.25,2.74,31.38
B2026-0022,48,5.84,28.63,33.61,2.87,35.01
B2026-0022,54,5.67,28.89,35.12,3.19,31.39
B2026-0022,60,5.6,28.94,29.08,3.48,34.07
B2026-0022,66,5.66,28.88,28.15,3.54,35.28
B2026-0022,72,5.56,28.39,29.73,3.76,35.13
B2026-0023,0,6.77,29.42,43.06,0.83,6.38
B2026-0023,6,6.58,29.42,40.83,0.94,14.52
B2026-0023,12,6.58,29.73,42.15,1.16,19.91
B2026-0023,18,6.63,29.24,33.7,1.43,24.01
B2026-0023,24,6.51,29.42,29.96,1.41,25.7
B2026-0023,30,6.53,29.57,34.31,1.63,26.9
B2026-0023,36,6.47,29.51,34.06,2.0,28.27
B2026-0023,42,6.37,29.31,30.33,1.9,31.64
B2026-0023,48,6.41,29.25,26.32,1.93,32.31
B2026-0023,54,6.24,29.41,26.49,2.11,34.77
B2026-0023,60,6.27,29.58,24.85,2.36,33.05
B2026-0023,66,6.23,29.52,22.83,2.58,32.99
B2026-0023,72,6.23,29.33,23.77,2.68,36.71
B2026-0024,0,6.43,29.39,44.59,1.16,1.93
B2026-0024,6,6.5,29.61,43.28,1.53,11.89
B2026-0024,12,6.52,29.5,40.01,1.93,18.76
B2026-0024,18,6.5,29.53,42.76,2.21,22.81
B2026-0024,24,6.29,29.72,40.63,2.17,25.14
B2026-0024,30,6.14,29.7,37.38,2.57,26.61
B2026-0024,36,6.19,29.54,34.97,2.86,31.68
B2026-0024,42,6.35,29.61,36.97,2.99,29.48
B2026-0024,48,6.15,29.37,33.18,3.25,29.91
B2026-0024,54,6.23,29.53,28.29,3.71,32.36
B2026-0024,60,6.15,29.5,28.9,3.89,34.78
B2026-0024,66,6.09,29.6,29.46,4.19,34.51
B2026-0024,72,5.99,29.39,28.02,4.36,33.81
B2026-0025,0,6.14,29.5,44.31,0.87,4.48
B2026-0025,6,5.99,29.46,39.16,1.08,13.8
B2026-0025,12,5.96,29.39,34.77,1.45,17.45
B2026-0025,18,6.02,29.57,35.9,1.44,22.37
B2026-0025,24,5.99,29.73,35.61,1.5,27.82
B2026-0025,30,5.95,29.69,36.56,1.63,30.29
B2026-0025,36,5.84,29.55,31.95,1.87,29.52
B2026-0025,42,5.79,29.74,29.79,2.02,31.86
B2026-0025,48,5.7,29.74,27.07,2.52,30.73
B2026-0025,54,5.65,29.64,30.85,2.2,34.1
B2026-0025,60,5.66,29.76,27.66,2.67,33.22
B2026-0025,66,5.61,29.43,23.8,2.6,33.93
B2026-0025,72,5.46,29.77,18.63,2.88,32.59
B2026-0026,0,6.36,30.2,38.6,1.39,6.34
B2026-0026,6,6.32,30.25,32.91,1.58,12.05
B2026-0026,12,6.27,30.12,36.15,1.84,19.41
B2026-0026,18,6.3,30.11,33.28,2.03,23.9
B2026-0026,24,6.3,29.78,30.83,2.04,27.24
B2026-0026,30,6.3,29.96,29.76,2.53,26.04
B2026-0026,36,6.13,30.08,22.13,2.56,32.46
B2026-0026,42,6.18,30.08,28.11,2.94,32.83
B2026-0026,48,6.06,30.04,23.49,3.3,35.13
B2026-0026,54,6.12,29.97,21.27,3.54,34.27
B2026-0026,60,6.02,29.93,22.44,3.5,34.85
B2026-0026,66,6.04,30.27,21.43,3.7,34.5
B2026-0026,72,6.04,29.9,18.31,4.27,35.36
B2026-0027,0,6.98,29.67,41.19,1.17,2.21
B2026-0027,6,6.77,29.77,43.66,1.29,13.47
B2026-0027,12,6.72,29.96,48.06,1.49,19.23
B2026-0027,18,6.62,29.69,37.99,1.54,23.57
B2026-0027,24,6.77,29.97,36.52,1.65,28.83
B2026-0027,30,6.62,29.52,36.68,2.11,25.51
B2026-0027,36,6.53,29.77,35.14,2.12,29.56
B2026-0027,42,6.58,29.71,33.17,2.24,29.97
B2026-0027,48,6.54,29.82,32.35,2.51,31.65
B2026-0027,54,6.53,29.55,31.42,2.92,34.75
B2026-0027,60,6.37,29.66,26.92,2.81,32.45
B2026-0027,66,6.41,29.88,23.66,3.24,34.89
B2026-0027,72,6.42,29.87,26.29,3.41,35.9
B2026-0028,0,6.76,30.72,37.09,0.94,4.67
B2026-0028,6,6.83,30.79,35.23,1.06,14.43
B2026-0028,12,6.77,30.58,33.61,1.13,19.14
B2026-0028,18,6.7,30.65,35.59,1.38,24.66
B2026-0028,24,6.8,30.9,30.77,1.57,24.79
B2026-0028,30,6.6,30.63,27.81,1.85,28.99
B2026-0028,36,6.62,30.55,26.3,2.05,30.51
B2026-0028,42,6.65,30.77,22.86,2.31,32.81
B2026-0028,48,6.5,30.55,28.02,2.31,33.84
B2026-0028,54,6.47,30.82,26.33,2.69,32.62
B2026-0028,60,6.49,30.64,21.66,2.65,32.34
B2026-0028,66,6.38,30.79,16.35,3.05,32.98
B2026-0028,72,6.41,30.68,15.92,3.19,33.06
B2026-0029,0,5.8,29.53,48.28,1.18,2.49
B2026-0029,6,5.6,29.59,44.8,1.18,14.04
B2026-0029,12,5.67,29.34,44.18,1.42,21.75
B2026-0029,18,5.65,29.46,44.98,1.57,22.59
B2026-0029,24,5.56,29.59,42.05,1.98,26.95
B2026-0029,30,5.5,29.48,39.81,2.19,29.76
B2026-0029,36,5.48,29.35,37.08,2.42,33.01
B2026-0029,42,5.44,29.47,37.95,2.44,33.96
B2026-0029,48,5.4,29.43,35.58,2.73,34.81
B2026-0029,54,5.33,29.55,35.48,2.91,33.75
B2026-0029,60,5.32,29.29,33.25,3.2,34.09
B2026-0029,66,5.26,29.57,33.84,3.28,33.69
B2026-0029,72,5.26,29.6,30.5,3.96,35.35
B2026-0030,0,5.89,29.35,34.81,1.12,5.07
B2026-0030,6,5.81,29.46,34.79,1.33,12.52
B2026-0030,12,5.79,29.52,31.62,1.69,18.11
B2026-0030,18,5.73,29.37,35.18,1.76,23.86
B2026-0030,24,5.7,29.27,30.32,2.0,26.06
B2026-0030,30,5.59,29.56,27.69,2.32,29.62
B2026-0030,36,5.49,29.47,24.47,2.55,30.04
B2026-0030,42,5.53,29.2,25.96,2.81,30.78
B2026-0030,48,5.46,29.46,25.09,2.62,35.87
B2026-0030,54,5.48,29.5,22.26,2.91,34.47
B2026-0030,60,5.38,29.48,20.53,3.38,32.73
B2026-0030,66,5.42,29.22,23.87,3.84,36.66
B2026-0030,72,5.4,29.38,20.13,3.78,32.1
B2026-0031,0,6.76,30.5,51.63,0.92,3.12
B2026-0031,6,6.52,30.48,46.91,1.3,11.52
B2026-0031,12,6.5,30.37,47.86,1.57,17.18
B2026-0031,18,6.5,29.98,42.58,1.89,26.72
B2026-0031,24,6.51,30.21,44.77,1.98,26.06
B2026-0031,30,6.48,30.33,42.64,2.02,29.58
B2026-0031,36,6.36,30.4,41.25,2.3,32.88
B2026-0031,42,6.37,30.47,37.03,2.43,32.04
B2026-0031,48,6.45,30.04,38.84,2.87,31.67
B2026-0031,54,6.28,30.38,37.81,3.08,34.13
B2026-0031,60,6.33,30.28,34.38,3.07,32.16
B2026-0031,66,6.24,30.28,32.94,3.36,32.49
B2026-0031,72,6.22,30.26,35.01,3.46,35.38
B2026-0032,0,5.79,29.04,36.77,1.1,5.51
B2026-0032,6,5.73,29.04,36.35,1.46,11.42
B2026-0032,12,5.74,28.88,35.25,1.78,20.62
B2026-0032,18,5.68,28.97,31.05,2.08,25.39
B2026-0032,24,5.61,29.0,30.31,2.31,29.41
B2026-0032,30,5.64,28.94,29.06,2.46,28.89
B2026-0032,36,5.55,29.05,28.55,2.66,32.27
B2026-0032,42,5.48,28.78,28.14,3.22,32.39
B2026-0032,48,5.49,29.04,26.67,3.38,30.85
B2026-0032,54,5.53,29.08,21.28,3.41,34.21
B2026-0032,60,5.35,28.97,22.2,3.72,32.22
B2026-0032,66,5.34,28.85,19.42,3.87,33.83
B2026-0032,72,5.32,29.02,15.97,4.14,34.46
B2026-0033,0,5.72,30.33,40.45,1.14,6.25
B2026-0033,6,5.66,30.03,40.29,1.56,10.86
B2026-0033,12,5.61,30.24,38.49,1.55,20.79
B2026-0033,18,5.57,30.46,36.48,1.69,22.59
B2026-0033,24,5.41,30.31,39.24,2.0,27.86
B2026-0033,30,5.45,30.24,35.52,2.4,31.38
B2026-0033,36,5.49,30.28,32.39,2.28,28.63
B2026-0033,42,5.33,30.28,29.8,2.4,31.94
B2026-0033,48,5.33,30.1,28.06,2.75,31.92
B2026-0033,54,5.37,29.99,23.25,3.0,33.6
B2026-0033,60,5.29,30.19,23.8,3.21,33.23
B2026-0033,66,5.32,30.22,23.95,3.71,33.92
B2026-0033,72,5.22,30.37,23.93,3.66,34.72
B2026-0034,0,5.99,29.99,41.65,1.62,5.82
B2026-0034,6,5.96,30.2,37.68,1.61,14.21
B2026-0034,12,5.99,29.96,36.87,2.17,19.23
B2026-0034,18,5.96,30.1,36.75,2.13,25.01
B2026-0034,24,5.89,29.92,33.96,2.54,26.63
B2026-0034,30,5.74,30.22,35.29,2.64,29.46
B2026-0034,36,5.66,29.94,31.75,2.96,29.35
B2026-0034,42,5.65,29.91,30.83,2.98,30.48
B2026-0034,48,5.53,30.13,24.73,3.48,35.31
B2026-0034,54,5.71,29.8,27.35,3.62,31.67
B2026-0034,60,5.56,30.26,26.37,3.92,34.95
B2026-0034,66,5.39,29.96,21.94,4.28,33.9
B2026-0034,72,5.47,30.05,22.05,4.59,34.66
B2026-0035,0,6.28,29.96,58.25,1.18,3.91
B2026-0035,6,6.33,29.73,58.63,1.32,12.27
B2026-0035,12,6.16,30.22,52.43,1.66,18.53
B2026-0035,18,6.18,29.85,51.59,1.53,23.68
B2026-0035,24,6.13,30.05,52.89,2.17,28.05
B2026-0035,30,6.02,30.01,47.54,2.29,28.87
B2026-0035,36,6.13,29.92,50.09,2.58,32.38
B2026-0035,42,5.97,29.93,45.95,2.98,32.37
B2026-0035,48,5.92,30.03,47.4,3.07,30.09
B2026-0035,54,5.95,29.85,42.09,3.44,32.77
B2026-0035,60,5.86,29.88,43.71,3.62,32.04
B2026-0035,66,5.77,29.92,36.93,3.66,35.16
B2026-0035,72,5.84,29.84,38.19,4.11,35.34
B2026-0036,0,6.15,30.72,48.16,1.12,3.38
B2026-0036,6,6.07,31.22,47.22,1.44,14.48
B2026-0036,12,6.02,31.08,39.78,1.42,17.05
B2026-0036,18,6.0,31.13,45.28,1.83,23.56
B2026-0036,24,6.08,31.15,39.69,1.79,26.27
B2026-0036,30,5.94,30.97,40.13,2.04,28.47
B2026-0036,36,5.91,31.21,41.48,2.22,32.61
B2026-0036,42,5.74,30.9,35.13,2.46,33.8
B2026-0036,48,5.74,31.04,35.54,2.73,32.13
B2026-0036,54,5.71,30.91,33.25,3.01,33.59
B2026-0036,60,5.65,31.3,31.64,3.24,36.0
B2026-0036,66,5.66,30.89,35.8,3.31,33.72
B2026-0036,72,5.67,31.22,32.26,3.39,34.91
B2026-0037,0,5.85,29.66,44.26,1.06,3.78
B2026-0037,6,5.87,29.43,44.3,1.4,11.95
B2026-0037,12,5.87,29.63,41.16,1.23,17.13
B2026-0037,18,5.75,29.24,42.37,1.65,23.55
B2026-0037,24,5.62,29.29,37.97,2.04,25.78
B2026-0037,30,5.77,29.49,36.5,2.14,28.63
B2026-0037,36,5.63,29.78,34.9,2.32,29.78
B2026-0037,42,5.72,29.61,34.09,2.4,31.24
B2026-0037,48,5.59,29.5,33.56,2.56,30.6
B2026-0037,54,5.45,29.31,31.29,2.64,33.91
B2026-0037,60,5.51,29.55,29.35,2.99,29.83
B2026-0037,66,5.44,29.63,30.17,3.37,32.16
B2026-0037,72,5.4,29.33,28.35,3.48,34.96
B2026-0038,0,5.92,31.65,52.41,1.01,4.69
B2026-0038,6,5.85,31.56,50.04,1.02,12.26
B2026-0038,12,5.9,31.69,45.32,1.17,19.61
B2026-0038,18,5.82,31.36,49.01,1.42,24.39
B2026-0038,24,5.85,31.37,43.48,1.39,26.57
B2026-0038,30,5.62,31.55,42.91,1.67,28.99
B2026-0038,36,5.71,31.27,40.9,1.95,28.13
B2026-0038,42,5.66,31.19,38.67,1.9,34.14
B2026-0038,48,5.51,31.19,37.59,2.15,30.59
B2026-0038,54,5.57,31.14,33.67,2.3,34.66
B2026-0038,60,5.58,31.61,33.85,2.24,34.48
B2026-0038,66,5.54,31.63,33.5,2.56,33.42
B2026-0038,72,5.53,31.23,28.69,2.98,33.79
B2026-0039,0,5.83,30.07,30.06,1.2,2.28
B2026-0039,6,5.98,29.84,30.35,1.59,12.01
B2026-0039,12,5.79,30.06,28.9,1.5,19.91
B2026-0039,18,5.77,29.69,24.92,1.8,22.9
B2026-0039,24,5.69,29.77,22.67,2.07,29.19
B2026-0039,30,5.72,30.11,20.91,2.37,31.78
B2026-0039,36,5.62,29.82,21.08,2.52,31.87
B2026-0039,42,5.64,30.03,19.84,3.06,31.83
B2026-0039,48,5.52,30.16,13.42,2.97,33.69
B2026-0039,54,5.62,29.87,16.89,3.14,32.71
B2026-0039,60,5.37,29.96,10.21,3.47,34.67
B2026-0039,66,5.51,29.82,12.87,3.92,33.88
B2026-0039,72,5.33,29.93,11.37,4.2,34.9
B2026-0040,0,5.77,29.21,45.65,1.06,3.56
B2026-0040,6,5.76,29.24,41.24,1.22,12.29
B2026-0040,12,5.86,29.26,39.21,1.71,21.11
B2026-0040,18,5.65,28.73,40.76,1.9,25.98
B2026-0040,24,5.62,29.37,34.87,1.93,26.2
B2026-0040,30,5.7,29.3,39.65,2.03,30.44
B2026-0040,36,5.62,28.86,32.02,2.53,30.53
B2026-0040,42,5.47,29.07,35.3,2.61,29.67
B2026-0040,48,5.62,29.26,32.32,2.8,33.39
B2026-0040,54,5.4,29.15,28.74,3.04,31.7
B2026-0040,60,5.36,29.35,29.94,3.28,30.88
B2026-0040,66,5.35,29.18,28.63,3.21,34.52
B2026-0040,72,5.36,29.3,25.34,3.42,32.94
B2026-0041,0,6.88,30.16,56.55,0.68,6.14
B2026-0041,6,6.91,30.18,57.11,0.68,14.94
B2026-0041,12,6.87,30.06,56.58,1.02,17.37
B2026-0041,18,6.89,30.46,58.2,1.08,19.8
B2026-0041,24,6.68,30.28,53.59,1.25,27.81
B2026-0041,30,6.83,30.02,53.25,1.44,28.2
B2026-0041,36,6.66,30.11,52.85,1.83,31.46
B2026-0041,42,6.73,29.89,51.95,1.62,32.59
B2026-0041,48,6.66,30.06,54.13,2.02,34.61
B2026-0041,54,6.62,30.31,44.86,2.15,31.97
B2026-0041,60,6.5,30.13,48.61,1.99,33.13
B2026-0041,66,6.5,30.02,46.27,2.68,34.84
B2026-0041,72,6.4,29.85,42.33,2.3,35.13
B2026-0042,0,6.28,29.18,51.03,1.0,3.82
B2026-0042,6,6.25,29.38,48.03,1.35,14.36
B2026-0042,12,6.13,29.38,45.7,1.68,16.58
B2026-0042,18,6.07,29.37,37.01,1.77,25.19
B2026-0042,24,6.05,29.18,38.58,1.85,26.09
B2026-0042,30,6.0,29.14,38.6,2.09,31.96
B2026-0042,36,5.98,29.3,36.41,2.26,28.25
B2026-0042,42,5.87,29.07,36.34,2.67,29.31
B2026-0042,48,5.89,29.04,33.86,2.87,32.18
B2026-0042,54,5.88,29.46,33.72,2.86,33.69
B2026-0042,60,5.79,29.31,32.26,2.99,34.16
B2026-0042,66,5.79,29.33,31.3,3.42,33.75
B2026-0042,72,5.81,29.12,25.42,3.19,34.33
B2026-0043,0,6.41,29.53,42.6,0.94,4.71
B2026-0043,6,6.36,29.54,43.85,1.21,13.68
B2026-0043,12,6.43,29.49,41.75,1.35,20.04
B2026-0043,18,6.27,29.45,41.02,1.59,22.08
B2026-0043,24,6.18,29.55,42.14,1.58,27.38
B2026-0043,30,6.32,29.56,37.79,1.87,29.27
B2026-0043,36,6.23,29.49,36.68,2.05,31.44
B2026-0043,42,6.2,29.5,35.68,2.57,31.06
B2026-0043,48,6.2,29.36,36.09,2.71,32.41
B2026-0043,54,6.19,29.54,30.54,2.71,35.16
B2026-0043,60,6.1,29.32,30.43,2.98,33.13
B2026-0043,66,6.14,29.51,29.0,3.29,33.66
B2026-0043,72,6.02,29.22,26.64,3.47,36.79
B2026-0044,0,5.93,30.14,51.52,1.42,3.6
B2026-0044,6,5.99,30.2,44.87,1.62,12.8
B2026-0044,12,5.78,30.23,44.43,2.26,22.33
B2026-0044,18,5.79,30.32,43.71,2.31,26.3
B2026-0044,24,5.78,30.24,42.17,2.77,21.93
B2026-0044,30,5.74,30.27,41.15,3.02,30.95
B2026-0044,36,5.64,30.59,38.04,3.35,31.03
B2026-0044,42,5.66,30.22,39.23,3.51,30.61
B2026-0044,48,5.63,30.16,35.29,3.67,31.12
B2026-0044,54,5.58,30.34,36.38,4.29,30.14
B2026-0044,60,5.59,30.28,36.18,4.42,33.65
B2026-0044,66,5.53,30.17,34.2,4.4,35.37
B2026-0044,72,5.48,30.2,30.92,4.89,36.38
B2026-0045,0,6.28,30.57,52.03,0.94,5.01
B2026-0045,6,5.99,30.2,51.45,1.12,10.37
B2026-0045,12,5.96,30.47,50.08,1.36,16.97
B2026-0045,18,6.1,30.16,44.36,1.35,21.89
B2026-0045,24,5.92,30.38,46.44,1.42,27.48
B2026-0045,30,5.86,30.55,44.89,1.57,26.61
B2026-0045,36,5.82,30.2,40.96,1.91,28.14
B2026-0045,42,5.88,30.41,41.99,1.89,33.14
B2026-0045,48,5.75,30.29,40.9,1.97,30.39
B2026-0045,54,5.64,30.44,38.91,2.47,32.08
B2026-0045,60,5.7,30.37,35.45,2.55,33.8
B2026-0045,66,5.59,30.4,35.49,2.65,33.59
B2026-0045,72,5.51,30.4,32.56,2.71,34.07
B2026-0046,0,5.94,29.59,28.96,0.84,4.95
B2026-0046,6,5.71,29.68,24.69,0.92,12.02
B2026-0046,12,5.95,29.82,28.27,1.3,16.29
B2026-0046,18,5.78,29.48,23.64,1.45,22.89
B2026-0046,24,5.79,29.27,23.84,1.5,26.21
B2026-0046,30,5.71,29.4,22.43,1.76,28.15
B2026-0046,36,5.62,29.54,18.98,1.96,30.39
B2026-0046,42,5.57,29.8,19.77,2.08,32.21
B2026-0046,48,5.51,29.5,16.71,2.15,33.43
B2026-0046,54,5.49,29.51,14.63,2.83,32.46
B2026-0046,60,5.36,29.32,15.71,2.81,32.87
B2026-0046,66,5.52,29.68,12.22,2.79,34.48
B2026-0046,72,5.45,29.62,9.67,2.98,37.4
B2026-0047,0,5.24,30.82,33.62,1.44,4.16
B2026-0047,6,5.23,30.8,31.49,1.59,13.37
B2026-0047,12,5.13,30.64,34.73,1.75,20.52
B2026-0047,18,5.05,30.71,32.93,2.09,22.51
B2026-0047,24,5.05,30.56,27.98,2.41,27.81
B2026-0047,30,4.93,30.42,24.17,2.55,31.42
B2026-0047,36,4.88,30.54,23.87,2.94,28.53
B2026-0047,42,5.05,30.54,21.07,3.25,33.06
B2026-0047,48,4.92,30.57,19.22,3.52,33.97
B2026-0047,54,4.78,30.99,16.77,3.81,31.72
B2026-0047,60,4.73,30.56,14.77,4.03,32.43
B2026-0047,66,4.81,30.57,13.34,4.3,35.7
B2026-0047,72,4.73,30.68,10.68,4.47,32.51
B2026-0048,0,5.75,30.89,45.96,1.38,2.76
B2026-0048,6,5.57,30.88,45.52,1.98,14.66
B2026-0048,12,5.66,30.91,43.67,2.08,18.56
B2026-0048,18,5.64,30.87,43.46,2.3,26.21
B2026-0048,24,5.42,31.09,40.98,2.39,25.7
B2026-0048,30,5.36,30.91,37.69,2.85,30.85
B2026-0048,36,5.38,30.77,35.58,3.06,34.67
B2026-0048,42,5.42,30.77,35.38,3.38,32.19
B2026-0048,48,5.31,30.89,33.11,3.55,33.4
B2026-0048,54,5.22,30.92,33.4,3.72,33.62
B2026-0048,60,5.15,30.91,31.35,4.44,35.5
B2026-0048,66,5.15,30.51,28.76,4.35,36.95
B2026-0048,72,5.17,30.95,28.11,4.75,34.38
B2026-0049,0,5.58,31.05,38.17,1.24,3.56
B2026-0049,6,5.45,30.58,39.97,1.26,12.94
B2026-0049,12,5.41,30.92,36.38,1.5,20.04
B2026-0049,18,5.38,31.15,35.37,1.58,23.89
B2026-0049,24,5.27,31.04,30.86,1.72,23.8
B2026-0049,30,5.3,31.25,32.13,2.12,32.67
B2026-0049,36,5.29,30.89,29.53,2.24,29.86
B2026-0049,42,5.19,31.15,31.25,2.24,30.77
B2026-0049,48,5.16,31.1,29.9,2.97,32.15
B2026-0049,54,5.12,31.09,24.67,2.82,32.83
B2026-0049,60,4.94,31.02,24.08,3.19,33.9
B2026-0049,66,4.98,30.97,18.68,3.09,35.16
B2026-0049,72,5.0,31.14,17.35,3.41,33.72
B2026-0050,0,5.42,30.47,57.78,1.25,3.45
B2026-0050,6,5.4,30.21,52.75,1.36,10.53
B2026-0050,12,5.31,30.39,55.47,1.47,19.17
B2026-0050,18,5.27,30.27,50.33,1.74,23.55
B2026-0050,24,5.17,30.36,53.35,1.83,26.12
B2026-0050,30,5.05,30.36,49.89,2.19,29.31
B2026-0050,36,5.17,30.48,49.22,2.41,33.16
B2026-0050,42,5.06,30.17,46.74,2.59,34.35
B2026-0050,48,5.11,30.66,45.07,2.72,30.77
B2026-0050,54,5.01,30.29,42.67,2.91,34.16
B2026-0050,60,4.94,30.51,35.22,3.13,35.7
B2026-0050,66,5.02,30.48,42.45,3.33,34.21
B2026-0050,72,4.89,30.37,35.93,3.45,32.76
B2026-0051,0,5.76,30.96,42.76,1.24,4.76
B2026-0051,6,5.74,30.78,39.32,1.67,10.72
B2026-0051,12,5.68,31.2,43.55,1.9,20.15
B2026-0051,18,5.74,30.6,37.8,2.16,23.09
B2026-0051,24,5.64,30.95,37.41,2.27,26.04
B2026-0051,30,5.49,31.0,34.01,2.67,30.12
B2026-0051,36,5.55,30.79,30.58,2.8,35.15
B2026-0051,42,5.52,30.87,33.24,3.14,29.94
B2026-0051,48,5.48,30.93,30.63,3.31,34.56
B2026-0051,54,5.31,30.7,29.87,3.31,33.0
B2026-0051,60,5.39,31.04,29.73,3.88,37.51
B2026-0051,66,5.24,31.01,25.19,4.17,34.12
B2026-0051,72,5.33,30.87,27.29,4.37,34.38
B2026-0052,0,6.65,28.72,31.24,0.72,2.95
B2026-0052,6,6.55,28.43,30.62,0.74,12.46
B2026-0052,12,6.57,28.81,23.81,1.01,19.77
B2026-0052,18,6.49,28.89,24.13,0.92,24.81
B2026-0052,24,6.41,28.42,23.87,1.46,24.93
B2026-0052,30,6.55,28.56,22.78,1.3,29.21
B2026-0052,36,6.36,28.46,26.68,1.53,30.06
B2026-0052,42,6.38,28.96,21.69,1.59,32.31
B2026-0052,48,6.17,28.82,14.59,1.78,32.84
B2026-0052,54,6.27,28.64,19.31,2.1,34.42
B2026-0052,60,6.12,28.94,13.08,2.36,36.93
B2026-0052,66,6.19,28.84,6.94,2.27,35.86
B2026-0052,72,6.17,28.5,10.94,2.13,35.05
B2026-0053,0,6.02,29.95,38.22,0.77,4.78
B2026-0053,6,6.08,29.81,31.98,1.06,10.33
B2026-0053,12,5.94,29.76,32.27,1.18,18.11
B2026-0053,18,6.12,29.8,31.57,1.33,25.1
B2026-0053,24,6.0,29.84,30.99,1.25,24.15
B2026-0053,30,5.92,29.75,29.1,1.63,30.02
B2026-0053,36,5.81,29.78,23.67,1.83,27.99
B2026-0053,42,5.86,29.56,24.01,2.05,32.33
B2026-0053,48,5.7,29.68,20.19,1.9,33.02
B2026-0053,54,5.79,29.84,22.81,2.26,33.05
B2026-0053,60,5.65,29.71,17.38,2.31,34.03
B2026-0053,66,5.67,30.24,15.75,2.56,32.07
B2026-0053,72,5.61,29.73,18.55,2.68,34.15
B2026-0054,0,6.58,29.18,22.7,1.09,4.11
B2026-0054,6,6.59,29.36,21.91,1.15,13.6
B2026-0054,12,6.48,29.51,23.47,1.55,17.55
B2026-0054,18,6.48,29.45,18.62,1.72,24.44
B2026-0054,24,6.46,29.34,14.36,2.06,25.68
B2026-0054,30,6.41,29.42,12.31,2.23,29.92
B2026-0054,36,6.39,29.41,10.55,2.59,31.42
B2026-0054,42,6.24,29.27,13.38,2.73,31.26
B2026-0054,48,6.32,29.12,9.25,2.62,31.5
B2026-0054,54,6.32,29.7,10.22,3.01,33.12
B2026-0054,60,6.21,29.16,7.02,3.47,32.33
B2026-0054,66,6.1,29.4,7.15,3.44,34.32
B2026-0054,72,6.14,29.69,5.0,3.73,36.72
B2026-0055,0,6.26,29.88,44.63,1.62,4.54
B2026-0055,6,6.25,29.87,42.43,1.92,10.94
B2026-0055,12,6.2,30.03,39.56,2.09,19.75
B2026-0055,18,6.19,29.94,36.09,2.37,22.84
B2026-0055,24,6.24,30.37,41.78,2.51,27.68
B2026-0055,30,6.14,30.2,35.5,3.06,29.15
B2026-0055,36,6.05,29.85,35.92,3.16,31.5
B2026-0055,42,6.02,30.11,32.95,3.57,31.7
B2026-0055,48,5.87,30.17,29.84,3.6,31.31
B2026-0055,54,5.94,30.07,25.61,3.99,35.21
B2026-0055,60,5.85,30.06,30.38,4.42,35.43
B2026-0055,66,5.67,30.34,27.98,4.9,33.03
B2026-0055,72,5.69,30.08,24.58,4.97,36.04
B2026-0056,0,6.42,29.56,45.54,1.08,3.49
B2026-0056,6,6.44,29.79,45.08,1.3,9.58
B2026-0056,12,6.33,29.49,41.07,1.45,19.05
B2026-0056,18,6.24,29.41,42.19,1.62,23.6
B2026-0056,24,6.31,29.74,39.75,1.99,27.91
B2026-0056,30,6.3,29.66,32.9,2.1,30.19
B2026-0056,36,6.14,29.84,34.87,2.38,32.49
B2026-0056,42,6.12,29.63,35.21,2.4,31.57
B2026-0056,48,6.14,29.61,34.76,2.6,30.31
B2026-0056,54,6.1,29.73,29.86,3.05,34.57
B2026-0056,60,5.96,29.49,29.04,3.32,32.15
B2026-0056,66,5.95,29.56,27.91,3.42,33.39
B2026-0056,72,6.0,29.52,24.91,3.44,33.36
B2026-0057,0,5.87,29.93,43.8,1.28,7.13
B2026-0057,6,5.75,29.64,38.92,1.36,11.33
B2026-0057,12,5.76,30.07,42.52,1.73,22.3
B2026-0057,18,5.69,29.64,39.96,1.68,22.46
B2026-0057,24,5.7,29.87,35.89,1.99,26.81
B2026-0057,30,5.69,29.89,33.03,2.21,27.93
B2026-0057,36,5.61,29.94,31.5,2.33,31.43
B2026-0057,42,5.49,29.99,30.01,2.7,32.22
B2026-0057,48,5.64,30.0,30.21,3.1,30.22
B2026-0057,54,5.39,29.51,31.81,3.47,34.05
B2026-0057,60,5.43,29.65,26.33,3.73,34.09
B2026-0057,66,5.34,29.62,27.95,3.74,31.57
B2026-0057,72,5.28,29.69,23.34,4.0,33.68
B2026-0058,0,6.38,31.33,56.76,1.37,8.57
B2026-0058,6,6.26,31.18,51.0,1.65,10.21
B2026-0058,12,6.27,31.03,51.79,1.78,18.51
B2026-0058,18,6.24,31.66,47.73,2.19,22.51
B2026-0058,24,6.11,31.21,49.95,2.42,30.2
B2026-0058,30,6.15,31.17,45.98,2.65,30.34
B2026-0058,36,5.99,31.12,43.95,3.1,32.65
B2026-0058,42,6.12,31.4,43.38,3.38,30.28
B2026-0058,48,5.89,31.38,39.95,3.55,33.03
B2026-0058,54,5.97,31.46,42.05,3.85,32.79
B2026-0058,60,5.92,31.23,38.4,4.4,34.17
B2026-0058,66,5.9,31.21,39.25,4.45,35.36
B2026-0058,72,5.85,31.47,38.17,4.66,34.26
B2026-0059,0,6.46,29.75,54.15,1.59,1.39
B2026-0059,6,6.41,29.74,53.06,1.87,12.85
B2026-0059,12,6.3,29.87,52.3,2.15,17.92
B2026-0059,18,6.34,29.57,50.43,2.45,24.22
B2026-0059,24,6.15,29.81,49.05,2.94,27.33
B2026-0059,30,6.13,29.81,49.44,2.97,29.03
B2026-0059,36,6.15,29.82,51.48,3.37,31.48
B2026-0059,42,6.07,29.96,46.25,3.65,31.91
B2026-0059,48,6.02,29.71,45.0,3.96,29.23
B2026-0059,54,6.14,29.76,40.85,4.53,33.24
B2026-0059,60,5.98,29.7,36.49,4.61,34.44
B2026-0059,66,5.97,29.81,38.21,4.72,34.9
B2026-0059,72,5.91,30.18,36.6,5.13,34.36
B2026-0060,0,5.93,30.35,44.69,0.93,1.55
B2026-0060,6,5.92,30.5,43.21,1.38,14.31
B2026-0060,12,5.88,30.17,41.86,1.63,19.88
B2026-0060,18,5.87,30.22,39.48,1.68,23.52
B2026-0060,24,5.85,29.94,38.36,1.89,24.77
B2026-0060,30,5.78,30.18,36.01,2.33,30.66
B2026-0060,36,5.73,30.35,34.81,2.55,32.01
B2026-0060,42,5.61,30.08,34.69,2.51,29.85
B2026-0060,48,5.64,30.25,33.03,2.78,31.93
B2026-0060,54,5.61,30.21,29.52,2.86,35.15
B2026-0060,60,5.51,30.5,32.37,3.05,29.51
B2026-0060,66,5.55,30.24,25.49,3.27,33.59
B2026-0060,72,5.53,30.31,28.2,3.6,33.97
B2026-0061,0,6.32,29.92,30.56,1.31,3.61
B2026-0061,6,6.31,29.93,26.57,1.28,11.58
B2026-0061,12,6.25,29.94,28.27,1.48,18.19
B2026-0061,18,6.2,29.96,23.12,1.81,21.48
B2026-0061,24,6.21,29.81,21.28,2.06,28.52
B2026-0061,30,6.08,29.71,23.51,2.33,30.15
B2026-0061,36,6.12,29.83,18.73,2.64,32.55
B2026-0061,42,6.12,29.66,20.45,2.73,30.86
B2026-0061,48,6.0,29.96,17.34,2.96,34.1
B2026-0061,54,5.98,29.75,13.26,3.27,33.33
B2026-0061,60,5.85,29.96,12.13,3.64,31.79
B2026-0061,66,5.88,29.73,9.55,3.61,36.86
B2026-0061,72,5.85,29.72,6.27,3.69,33.63
B2026-0062,0,6.31,30.02,46.39,1.53,5.54
B2026-0062,6,6.4,29.77,47.75,1.73,13.01
B2026-0062,12,6.19,30.31,47.86,2.11,21.47
B2026-0062,18,6.22,30.11,44.69,2.26,22.68
B2026-0062,24,6.31,30.15,45.15,2.6,28.2
B2026-0062,30,6.06,29.82,41.9,3.24,31.99
B2026-0062,36,6.07,29.95,38.16,3.31,31.05
B2026-0062,42,6.1,30.19,39.46,3.66,30.94
B2026-0062,48,6.05,29.98,39.19,3.93,32.95
B2026-0062,54,6.02,29.82,34.56,4.15,31.29
B2026-0062,60,5.91,30.0,37.72,4.49,35.44
B2026-0062,66,5.91,29.97,33.79,4.86,36.0
B2026-0062,72,5.84,29.81,28.5,5.02,30.93
B2026-0063,0,6.07,30.09,49.17,0.76,5.54
B2026-0063,6,5.85,29.85,47.33,1.08,13.72
B2026-0063,12,5.95,30.16,47.28,1.36,18.08
B2026-0063,18,5.72,29.9,44.08,1.33,22.16
B2026-0063,24,5.76,30.1,47.54,1.37,24.9
B2026-0063,30,5.7,30.12,42.12,1.66,30.22
B2026-0063,36,5.77,30.0,39.31,1.95,30.45
B2026-0063,42,5.65,29.93,41.21,2.12,33.55
B2026-0063,48,5.7,30.07,36.76,2.39,33.54
B2026-0063,54,5.74,30.05,37.59,2.47,33.31
B2026-0063,60,5.53,30.05,35.65,2.74,34.36
B2026-0063,66,5.47,29.96,30.38,2.98,33.4
B2026-0063,72,5.52,30.05,32.05,2.93,33.25
B2026-0064,0,5.7,30.57,48.7,1.52,6.08
B2026-0064,6,5.69,30.38,46.98,1.51,12.51
B2026-0064,12,5.71,30.24,44.66,1.9,22.25
B2026-0064,18,5.52,30.39,43.22,2.1,23.18
B2026-0064,24,5.63,30.42,42.51,2.58,28.73
B2026-0064,30,5.6,30.23,41.55,2.77,27.92
B2026-0064,36,5.41,30.01,39.11,3.01,29.03
B2026-0064,42,5.53,30.34,40.09,3.28,30.39
B2026-0064,48,5.45,30.41,34.71,3.33,33.0
B2026-0064,54,5.32,30.48,33.41,3.97,30.27
B2026-0064,60,5.35,30.53,30.86,4.01,33.29
B2026-0064,66,5.26,30.35,28.47,4.28,34.98
B2026-0064,72,5.24,30.16,31.54,4.65,32.87
B2026-0065,0,5.66,30.67,54.94,1.03,5.19
B2026-0065,6,5.67,30.68,54.11,1.12,13.07
B2026-0065,12,5.56,30.73,52.7,1.29,20.31
B2026-0065,18,5.47,30.73,48.76,1.77,21.84
B2026-0065,24,5.61,30.97,46.08,1.71,27.04
B2026-0065,30,5.44,30.75,48.49,2.0,28.91
B2026-0065,36,5.49,30.9,45.9,2.06,33.11
B2026-0065,42,5.52,30.92,41.08,2.2,31.5
B2026-0065,48,5.41,30.55,42.17,2.66,33.71
B2026-0065,54,5.32,30.7,40.2,2.68,34.12
B2026-0065,60,5.35,30.98,35.75,2.91,33.35
B2026-0065,66,5.27,30.95,38.38,3.24,34.85
B2026-0065,72,5.23,30.78,31.38,3.43,33.95
B2026-0066,0,6.21,31.26,34.19,1.1,6.32
B2026-0066,6,6.16,31.07,34.85,1.57,14.19
B2026-0066,12,6.01,31.4,35.45,1.65,17.3
B2026-0066,18,6.12,31.22,29.02,1.87,28.28
B2026-0066,24,6.01,31.04,28.33,2.34,28.1
B2026-0066,30,6.06,31.19,31.27,2.26,29.39
B2026-0066,36,5.95,31.36,27.82,2.52,30.9
B2026-0066,42,5.79,30.81,27.26,2.78,31.6
B2026-0066,48,5.9,31.36,25.08,3.28,33.6
B2026-0066,54,5.82,31.19,19.86,3.4,29.79
B2026-0066,60,5.73,31.16,19.27,3.46,36.65
B2026-0066,66,5.79,31.05,18.33,3.59,35.27
B2026-0066,72,5.67,30.86,17.88,4.03,35.88
B2026-0067,0,6.26,30.16,66.04,1.14,5.08
B2026-0067,6,6.19,30.32,57.58,1.31,10.98
B2026-0067,12,6.14,30.4,57.68,1.67,21.36
B2026-0067,18,6.14,30.37,58.38,1.81,24.72
B2026-0067,24,6.21,30.12,53.82,1.89,28.32
B2026-0067,30,6.12,30.14,49.88,2.15,29.97
B2026-0067,36,6.01,30.24,51.52,2.57,31.32
B2026-0067,42,6.01,30.24,52.04,2.72,30.6
B2026-0067,48,5.95,30.34,51.71,2.94,31.4
B2026-0067,54,5.84,30.15,48.2,3.09,31.77
B2026-0067,60,5.78,29.9,40.0,3.31,37.37
B2026-0067,66,5.91,30.07,44.95,3.36,32.24
B2026-0067,72,5.69,30.18,42.71,3.79,35.43
B2026-0068,0,5.85,30.42,36.14,0.84,1.75
B2026-0068,6,5.87,30.36,33.0,1.19,10.91
B2026-0068,12,5.89,30.33,36.52,1.52,17.65
B2026-0068,18,5.75,30.5,33.81,1.62,21.6
B2026-0068,24,5.74,30.34,32.69,1.88,27.83
B2026-0068,30,5.69,30.51,31.78,2.14,29.09
B2026-0068,36,5.63,30.55,27.84,1.99,31.54
B2026-0068,42,5.57,30.23,28.24,2.52,29.55
B2026-0068,48,5.6,30.03,24.86,2.76,32.35
B2026-0068,54,5.5,30.53,20.64,2.74,33.55
B2026-0068,60,5.57,30.23,21.73,2.81,32.34
B2026-0068,66,5.48,30.42,19.8,3.05,33.36
B2026-0068,72,5.34,30.22,18.81,3.26,33.3
B2026-0069,0,6.17,29.23,50.88,0.98,7.24
B2026-0069,6,6.24,29.04,48.58,1.06,14.37
B2026-0069,12,6.05,29.23,52.82,1.38,20.14
B2026-0069,18,6.07,29.11,49.36,1.47,25.61
B2026-0069,24,5.96,29.12,43.48,1.65,26.19
B2026-0069,30,5.81,29.16,43.06,2.05,29.78
B2026-0069,36,5.87,29.13,42.02,2.32,29.57
B2026-0069,42,5.82,29.03,37.95,2.37,32.3
B2026-0069,48,5.9,29.35,44.12,2.52,32.46
B2026-0069,54,5.71,29.3,37.98,2.79,31.75
B2026-0069,60,5.76,29.23,36.44,2.82,35.68
B2026-0069,66,5.82,29.03,36.02,2.75,35.21
B2026-0069,72,5.55,29.12,30.37,3.26,35.69
B2026-0070,0,6.24,29.88,31.47,1.43,4.65
B2026-0070,6,6.24,29.87,34.03,1.57,11.41
B2026-0070,12,6.25,29.9,28.26,1.51,18.07
B2026-0070,18,6.31,29.88,27.54,1.97,26.92
B2026-0070,24,6.18,30.1,24.97,2.16,26.85
B2026-0070,30,6.09,29.91,26.36,2.33,29.14
B2026-0070,36,6.14,29.81,25.19,2.67,30.56
B2026-0070,42,5.94,29.88,22.16,3.11,32.85
B2026-0070,48,6.08,29.76,19.58,3.28,31.51
B2026-0070,54,6.03,30.05,18.8,3.33,31.98
B2026-0070,60,6.04,30.03,17.35,3.56,33.95
B2026-0070,66,5.9,30.0,16.55,3.75,32.01
B2026-0070,72,5.85,29.68,12.85,4.02,35.17
B2026-0071,0,6.49,30.37,43.11,1.35,4.52
B2026-0071,6,6.24,30.81,37.06,1.64,9.88
B2026-0071,12,6.29,30.79,34.92,2.05,20.78
B2026-0071,18,6.2,30.9,33.9,2.18,23.74
B2026-0071,24,6.2,30.26,31.85,2.27,29.27
B2026-0071,30,6.25,30.79,30.16,2.58,28.16
B2026-0071,36,6.23,30.55,24.35,3.08,33.06
B2026-0071,42,6.17,30.81,29.88,3.23,28.88
B2026-0071,48,6.03,30.75,25.62,3.47,31.4
B2026-0071,54,5.93,30.93,28.06,3.75,33.88
B2026-0071,60,5.89,30.75,26.24,3.83,34.59
B2026-0071,66,5.94,30.74,24.43,4.52,33.86
B2026-0071,72,5.91,30.67,18.29,4.57,35.44
B2026-0072,0,6.71,30.47,57.2,1.11,2.74
B2026-0072,6,6.67,30.67,58.51,1.28,11.92
B2026-0072,12,6.7,30.58,55.02,1.59,20.78
B2026-0072,18,6.64,30.77,53.43,1.73,26.48
B2026-0072,24,6.58,30.54,54.65,1.99,28.94
B2026-0072,30,6.57,30.47,51.38,2.37,33.07
B2026-0072,36,6.4,30.82,48.67,2.35,30.62
B2026-0072,42,6.4,30.45,47.67,2.83,32.35
B2026-0072,48,6.33,30.58,45.46,2.97,34.51
B2026-0072,54,6.33,30.4,42.76,3.18,35.14
B2026-0072,60,6.35,30.87,42.56,3.48,31.71
B2026-0072,66,6.26,30.44,40.59,3.97,34.66
B2026-0072,72,6.14,30.67,38.1,3.71,37.59
B2026-0073,0,6.66,30.2,43.13,1.17,6.31
B2026-0073,6,6.57,29.69,47.17,1.45,13.3
B2026-0073,12,6.58,30.22,42.24,1.61,17.24
B2026-0073,18,6.49,30.36,37.87,1.8,25.43
B2026-0073,24,6.4,30.09,36.83,2.11,24.47
B2026-0073,30,6.36,30.18,36.44,2.49,31.9
B2026-0073,36,6.44,30.29,34.12,2.5,30.83
B2026-0073,42,6.34,30.27,34.08,2.79,33.17
B2026-0073,48,6.34,30.28,31.18,2.94,31.56
B2026-0073,54,6.18,30.19,30.7,3.1,32.7
B2026-0073,60,6.19,30.01,28.95,3.46,32.81
B2026-0073,66,6.14,30.21,24.8,3.7,34.91
B2026-0073,72,6.05,29.9,21.84,3.9,32.45
B2026-0074,0,5.78,30.87,49.96,1.27,7.2
B2026-0074,6,5.78,30.57,50.82,1.6,15.33
B2026-0074,12,5.68,30.51,46.8,1.81,16.98
B2026-0074,18,5.65,30.48,50.12,1.98,24.19
B2026-0074,24,5.54,30.64,43.98,2.24,30.15
B2026-0074,30,5.65,30.6,51.2,2.43,30.89
B2026-0074,36,5.46,30.58,40.52,2.82,30.89
B2026-0074,42,5.49,30.78,40.5,3.07,33.22
B2026-0074,48,5.38,30.51,40.16,3.36,34.98
B2026-0074,54,5.41,30.57,36.72,3.57,33.01
B2026-0074,60,5.37,30.61,37.99,3.71,32.74
B2026-0074,66,5.37,30.17,34.1,3.89,36.01
B2026-0074,72,5.27,30.54,33.62,4.2,33.83
B2026-0075,0,6.75,30.28,47.04,0.88,2.27
B2026-0075,6,6.7,30.39,43.46,1.29,13.93
B2026-0075,12,6.71,30.39,46.0,1.65,18.63
B2026-0075,18,6.55,30.11,46.66,1.79,22.21
B2026-0075,24,6.53,30.29,44.01,1.61,23.88
B2026-0075,30,6.66,30.39,40.89,1.93,29.84
B2026-0075,36,6.4,30.22,38.61,1.88,30.35
B2026-0075,42,6.43,30.3,35.71,2.22,29.26
B2026-0075,48,6.41,30.3,32.48,2.54,32.4
B2026-0075,54,6.34,30.02,35.01,2.57,33.55
B2026-0075,60,6.27,30.29,34.37,2.98,35.59
B2026-0075,66,6.3,30.4,26.92,3.07,33.87
B2026-0075,72,6.31,30.27,29.43,3.32,36.17
B2026-0076,0,5.96,30.96,41.75,1.14,1.0
B2026-0076,6,5.97,30.94,45.37,1.5,11.94
B2026-0076,12,5.87,31.06,45.38,1.94,19.58
B2026-0076,18,5.92,30.8,39.63,2.08,22.13
B2026-0076,24,5.79,30.67,40.88,2.41,28.97
B2026-0076,30,5.66,31.13,34.1,2.46,28.21
B2026-0076,36,5.79,30.87,35.17,2.76,28.74
B2026-0076,42,5.74,30.96,36.78,3.16,28.03
B2026-0076,48,5.56,30.91,31.75,3.3,31.19
B2026-0076,54,5.65,30.91,31.91,3.54,33.72
B2026-0076,60,5.47,30.82,24.27,3.68,33.41
B2026-0076,66,5.65,30.57,25.26,4.15,36.86
B2026-0076,72,5.48,30.95,25.49,4.32,34.56
B2026-0077,0,6.48,30.31,53.7,1.45,4.06
B2026-0077,6,6.46,29.96,53.37,1.75,12.47
B2026-0077,12,6.45,30.07,53.69,1.7,19.23
B2026-0077,18,6.41,30.25,50.35,2.08,24.4
B2026-0077,24,6.34,30.16,54.38,2.26,28.45
B2026-0077,30,6.24,30.3,50.41,2.57,27.32
B2026-0077,36,6.15,30.11,48.46,2.76,30.95
B2026-0077,42,6.14,30.17,43.53,3.14,31.24
B2026-0077,48,6.11,30.1,42.38,3.24,34.47
B2026-0077,54,6.12,29.87,41.41,3.77,32.31
B2026-0077,60,6.19,30.07,42.08,4.04,34.57
B2026-0077,66,5.97,30.06,41.83,4.07,35.67
B2026-0077,72,5.99,30.22,35.14,4.36,33.12
B2026-0078,0,6.19,29.76,45.03,1.63,2.6
B2026-0078,6,6.14,29.6,44.68,2.0,12.3
B2026-0078,12,6.12,29.74,37.62,2.21,20.67
B2026-0078,18,6.05,29.5,40.06,2.59,22.28
B2026-0078,24,5.94,29.9,33.84,2.88,27.01
B2026-0078,30,6.06,29.83,34.5,3.49,27.11
B2026-0078,36,5.94,29.82,32.84,3.71,30.03
B2026-0078,42,5.92,29.48,33.69,3.9,33.72
B2026-0078,48,5.84,29.94,32.46,4.25,34.03
B2026-0078,54,5.85,29.82,25.27,4.47,35.53
B2026-0078,60,5.68,29.88,29.69,4.83,30.9
B2026-0078,66,5.68,30.06,24.96,5.14,32.71
B2026-0078,72,5.75,29.71,23.85,5.73,35.3
B2026-0079,0,5.95,30.05,34.07,1.12,1.68
B2026-0079,6,5.86,30.07,27.69,1.08,11.14
B2026-0079,12,5.87,30.17,31.97,1.51,18.83
B2026-0079,18,5.91,30.2,27.8,1.79,23.78
B2026-0079,24,6.01,30.37,23.26,2.01,25.64
B2026-0079,30,5.82,30.03,21.62,2.22,30.64
B2026-0079,36,5.79,30.36,23.0,2.42,30.05
B2026-0079,42,5.76,30.39,20.54,2.59,34.38
B2026-0079,48,5.67,30.25,20.06,2.81,31.62
B2026-0079,54,5.65,30.23,21.19,3.13,32.56
B2026-0079,60,5.63,30.28,18.54,3.18,34.18
B2026-0079,66,5.54,30.24,12.57,3.53,34.83
B2026-0079,72,5.58,30.23,11.93,3.77,33.24
B2026-0080,0,5.58,28.11,42.09,1.15,3.27
B2026-0080,6,5.48,28.01,36.87,1.47,13.66
B2026-0080,12,5.38,28.23,36.6,1.39,17.84
B2026-0080,18,5.48,28.22,36.84,1.89,25.42
B2026-0080,24,5.38,28.0,34.32,2.03,25.72
B2026-0080,30,5.35,28.17,31.24,2.11,29.86
B2026-0080,36,5.23,27.75,32.37,2.31,30.83
B2026-0080,42,5.19,28.14,30.2,2.54,30.22
B2026-0080,48,5.16,28.03,27.28,2.79,33.16
B2026-0080,54,5.19,27.94,26.22,2.87,37.29
B2026-0080,60,5.08,27.98,24.87,3.15,33.91
B2026-0080,66,5.06,27.81,23.03,3.21,36.84
B2026-0080,72,5.06,28.04,17.1,3.53,36.52
B2026-0081,0,6.34,30.45,52.48,1.4,2.73
B2026-0081,6,6.11,30.1,46.41,1.44,14.25
B2026-0081,12,6.0,30.28,47.21,1.71,18.08
B2026-0081,18,5.93,30.06,44.65,1.97,24.46
B2026-0081,24,5.96,30.07,43.48,2.58,25.36
B2026-0081,30,5.91,30.28,44.68,2.65,28.5
B2026-0081,36,5.84,30.28,40.73,2.71,32.67
B2026-0081,42,5.86,30.11,38.72,3.1,30.26
B2026-0081,48,5.64,30.17,37.03,3.2,33.11
B2026-0081,54,5.78,30.39,35.91,3.41,34.53
B2026-0081,60,5.68,30.33,38.45,3.79,29.58
B2026-0081,66,5.57,30.34,33.05,4.0,32.08
B2026-0081,72,5.57,30.08,32.45,4.35,33.49
B2026-0082,0,5.56,27.54,49.25,1.37,4.27
B2026-0082,6,5.56,27.35,46.12,1.56,15.89
B2026-0082,12,5.44,27.44,46.19,1.82,20.7
B2026-0082,18,5.46,27.46,46.04,2.34,25.71
B2026-0082,24,5.43,27.49,42.92,2.39,25.56
B2026-0082,30,5.45,27.53,41.16,2.48,29.24
B2026-0082,36,5.24,27.41,38.54,2.92,33.62
B2026-0082,42,5.35,27.72,39.37,3.28,34.78
B2026-0082,48,5.23,27.38,37.84,3.4,33.18
B2026-0082,54,5.21,27.41,38.16,3.53,34.49
B2026-0082,60,5.22,27.26,31.67,3.84,34.74
B2026-0082,66,5.12,27.49,28.83,4.45,34.31
B2026-0082,72,5.13,27.42,28.86,4.66,31.56
B2026-0083,0,6.51,28.61,32.65,1.01,2.52
B2026-0083,6,6.45,28.41,31.25,1.28,10.75
B2026-0083,12,6.5,28.7,29.82,1.43,18.96
B2026-0083,18,6.44,29.16,30.2,1.84,26.17
B2026-0083,24,6.34,29.03,28.72,1.93,27.35
B2026-0083,30,6.17,28.84,22.46,1.93,29.43
B2026-0083,36,6.17,28.79,24.24,2.35,29.45
B2026-0083,42,6.25,28.78,23.26,2.39,31.73
B2026-0083,48,6.22,28.94,19.2,2.68,31.36
B2026-0083,54,6.07,28.58,18.94,3.03,32.28
B2026-0083,60,6.07,28.76,19.74,3.08,33.03
B2026-0083,66,5.98,28.62,17.11,3.35,34.29
B2026-0083,72,6.07,28.99,11.17,3.65,34.77
B2026-0084,0,6.65,30.37,36.75,1.29,4.77
B2026-0084,6,6.59,30.23,35.22,1.29,12.06
B2026-0084,12,6.52,30.43,39.59,1.53,18.63
B2026-0084,18,6.58,30.31,33.29,1.67,23.15
B2026-0084,24,6.53,30.32,34.29,1.78,27.83
B2026-0084,30,6.47,30.7,31.51,2.21,33.39
B2026-0084,36,6.44,30.31,28.73,2.57,29.07
B2026-0084,42,6.41,30.25,28.74,2.42,34.01
B2026-0084,48,6.33,30.13,30.04,2.75,33.35
B2026-0084,54,6.36,30.39,21.56,3.1,33.31
B2026-0084,60,6.24,30.3,21.15,3.25,31.85
B2026-0084,66,6.21,30.34,24.94,3.34,36.38
B2026-0084,72,6.24,30.25,18.99,3.48,34.84
B2026-0085,0,5.83,30.51,39.99,1.19,4.35
B2026-0085,6,5.79,30.34,41.73,1.55,12.97
B2026-0085,12,5.8,30.08,38.96,1.81,20.42
B2026-0085,18,5.78,30.3,38.66,2.0,23.97
B2026-0085,24,5.69,30.4,34.26,2.48,29.85
B2026-0085,30,5.72,30.57,30.35,2.36,28.66
B2026-0085,36,5.62,30.3,28.56,2.91,34.04
B2026-0085,42,5.66,30.5,30.72,2.92,32.1
B2026-0085,48,5.66,30.28,27.77,3.4,34.61
B2026-0085,54,5.45,30.3,26.09,3.52,35.11
B2026-0085,60,5.41,30.5,25.72,4.04,34.37
B2026-0085,66,5.41,30.42,23.26,3.79,33.85
B2026-0085,72,5.36,30.1,22.2,4.0,33.91
B2026-0086,0,6.27,29.2,42.25,1.02,2.82
B2026-0086,6,6.21,29.2,39.69,1.26,13.18
B2026-0086,12,6.16,29.55,39.63,1.39,18.45
B2026-0086,18,6.07,29.29,36.95,1.55,22.79
B2026-0086,24,6.03,28.92,35.82,1.92,27.12
B2026-0086,30,6.14,29.3,36.21,2.24,29.0
B2026-0086,36,6.01,29.18,36.66,2.21,29.83
B2026-0086,42,6.0,29.06,33.06,2.45,31.71
B2026-0086,48,5.96,28.96,30.74,2.55,37.14
B2026-0086,54,5.89,29.1,26.07,2.95,32.93
B2026-0086,60,5.79,29.24,28.54,3.07,33.92
B2026-0086,66,5.81,29.22,26.33,3.24,35.85
B2026-0086,72,5.76,29.06,23.79,3.48,31.75
B2026-0087,0,5.79,29.64,38.03,0.96,4.15
B2026-0087,6,5.83,29.46,34.02,1.17,11.13
B2026-0087,12,5.79,29.48,29.57,1.63,18.46
B2026-0087,18,5.75,29.54,29.98,1.85,22.2
B2026-0087,24,5.65,29.46,28.78,1.81,24.75
B2026-0087,30,5.7,29.39,24.17,2.28,28.2
B2026-0087,36,5.72,29.51,26.08,2.36,26.82
B2026-0087,42,5.54,29.48,24.64,2.38,31.91
B2026-0087,48,5.5,29.54,22.29,2.89,34.45
B2026-0087,54,5.55,29.63,20.04,3.35,31.63
B2026-0087,60,5.45,29.64,20.66,3.29,34.91
B2026-0087,66,5.31,29.74,17.17,3.59,31.16
B2026-0087,72,5.41,29.42,17.14,3.69,34.98
B2026-0088,0,5.87,30.95,40.61,1.27,5.48
B2026-0088,6,5.9,30.77,39.6,1.75,15.26
B2026-0088,12,5.67,30.97,39.67,1.65,18.39
B2026-0088,18,5.79,31.04,33.93,2.04,23.51
B2026-0088,24,5.71,31.13,31.55,2.06,25.97
B2026-0088,30,5.85,30.86,28.75,2.29,29.83
B2026-0088,36,5.73,31.3,34.29,2.61,29.47
B2026-0088,42,5.74,30.9,28.57,2.77,30.12
B2026-0088,48,5.57,30.92,29.77,3.0,30.94
B2026-0088,54,5.46,30.99,26.87,3.21,32.76
B2026-0088,60,5.54,31.17,23.58,3.52,35.33
B2026-0088,66,5.43,30.96,23.48,3.58,34.46
B2026-0088,72,5.43,31.04,19.6,3.97,36.5
B2026-0089,0,6.55,29.85,37.82,1.44,3.28
B2026-0089,6,6.4,29.55,35.16,1.6,13.87
B2026-0089,12,6.36,29.72,37.44,1.96,19.88
B2026-0089,18,6.28,29.67,38.91,2.19,23.66
B2026-0089,24,6.26,29.63,32.97,2.46,26.07
B2026-0089,30,6.2,29.54,32.47,2.77,28.83
B2026-0089,36,6.05,29.75,30.91,2.84,31.96
B2026-0089,42,6.05,29.82,28.97,2.95,32.26
B2026-0089,48,6.06,29.58,26.03,3.47,32.12
B2026-0089,54,5.93,29.85,25.43,3.66,31.76
B2026-0089,60,6.05,29.47,24.61,3.94,33.11
B2026-0089,66,5.9,29.57,22.77,4.3,33.03
B2026-0089,72,5.92,29.79,17.85,4.54,33.01
B2026-0090,0,6.07,31.61,51.08,0.93,5.99
B2026-0090,6,6.15,31.28,47.64,1.35,12.36
B2026-0090,12,6.14,31.66,49.6,1.36,19.82
B2026-0090,18,5.93,31.77,48.27,1.59,24.8
B2026-0090,24,6.1,31.54,46.94,1.84,26.96
B2026-0090,30,5.84,31.57,44.34,2.31,26.45
B2026-0090,36,5.87,31.76,42.19,2.28,29.55
B2026-0090,42,5.79,31.3,39.83,2.39,32.17
B2026-0090,48,5.76,31.5,38.6,2.7,32.05
B2026-0090,54,5.7,31.58,40.06,2.93,32.54
B2026-0090,60,5.71,31.26,36.06,3.07,32.49
B2026-0090,66,5.63,31.51,36.74,3.45,32.82
B2026-0090,72,5.61,31.5,34.79,3.55,34.57
B2026-0091,0,6.79,29.91,55.2,0.84,2.72
B2026-0091,6,6.7,30.18,50.04,1.11,11.85
B2026-0091,12,6.63,30.1,47.56,1.25,19.61
B2026-0091,18,6.58,29.99,46.63,1.35,26.43
B2026-0091,24,6.57,30.08,46.19,1.47,26.58
B2026-0091,30,6.5,30.05,43.98,1.52,30.67
B2026-0091,36,6.51,29.96,45.65,1.57,32.71
B2026-0091,42,6.41,30.03,40.21,1.84,33.96
B2026-0091,48,6.54,29.97,40.48,2.12,35.44
B2026-0091,54,6.26,30.06,36.77,1.98,32.92
B2026-0091,60,6.45,29.9,38.22,2.57,33.88
B2026-0091,66,6.31,29.74,33.62,2.69,34.3
B2026-0091,72,6.28,30.02,37.86,2.69,36.84
B2026-0092,0,5.99,30.54,42.38,0.84,3.41
B2026-0092,6,5.95,30.47,44.01,1.12,11.78
B2026-0092,12,5.85,30.29,41.59,1.11,17.65
B2026-0092,18,5.93,30.23,42.94,1.29,24.57
B2026-0092,24,5.85,30.16,39.23,1.68,27.21
B2026-0092,30,5.83,30.39,37.53,1.63,29.97
B2026-0092,36,5.78,30.08,35.83,1.74,30.22
B2026-0092,42,5.77,30.18,30.96,2.01,29.86
B2026-0092,48,5.53,30.42,32.48,2.13,32.18
B2026-0092,54,5.52,30.11,30.04,2.08,33.92
B2026-0092,60,5.54,30.31,29.31,2.43,34.64
B2026-0092,66,5.5,30.31,27.89,2.25,35.18
B2026-0092,72,5.49,30.37,23.26,2.66,32.79
B2026-0093,0,6.54,30.92,41.01,1.01,3.06
B2026-0093,6,6.4,31.27,43.18,1.21,14.06
B2026-0093,12,6.4,31.1,38.4,1.33,18.29
B2026-0093,18,6.35,31.22,40.48,1.54,26.29
B2026-0093,24,6.29,30.86,37.96,1.58,26.42
B2026-0093,30,6.19,31.0,31.94,1.8,28.55
B2026-0093,36,6.26,31.32,34.72,1.84,31.72
B2026-0093,42,6.21,31.12,31.73,2.24,30.96
B2026-0093,48,6.16,31.31,28.79,2.27,32.75
B2026-0093,54,6.06,30.87,27.92,2.75,33.4
B2026-0093,60,6.09,30.81,27.91,2.76,32.9
B2026-0093,66,6.05,31.16,23.33,2.97,36.0
B2026-0093,72,5.99,31.0,23.51,3.22,32.59
B2026-0094,0,6.22,29.99,47.6,0.87,3.15
B2026-0094,6,6.23,29.88,46.51,1.32,13.82
B2026-0094,12,6.02,29.9,42.45,1.31,19.42
B2026-0094,18,5.98,29.96,40.75,1.45,26.57
B2026-0094,24,5.96,29.95,38.52,1.73,26.77
B2026-0094,30,5.92,30.04,37.62,1.87,33.17
B2026-0094,36,5.97,30.08,36.29,1.85,31.91
B2026-0094,42,5.93,30.02,38.46,2.19,33.16
B2026-0094,48,5.87,30.07,32.54,2.35,34.11
B2026-0094,54,5.78,30.16,30.7,2.64,33.93
B2026-0094,60,5.7,30.06,33.15,2.57,32.29
B2026-0094,66,5.72,30.41,28.36,2.96,34.6
B2026-0094,72,5.65,30.12,27.22,3.04,31.94
B2026-0095,0,6.43,29.43,39.58,1.29,4.87
B2026-0095,6,6.38,29.2,36.91,1.2,12.39
B2026-0095,12,6.35,29.56,37.36,1.5,16.93
B2026-0095,18,6.29,29.42,34.28,1.89,23.32
B2026-0095,24,6.3,29.06,36.34,1.91,28.02
B2026-0095,30,6.2,29.28,31.07,2.3,29.83
B2026-0095,36,6.24,29.51,30.63,2.69,30.94
B2026-0095,42,6.2,29.36,27.29,2.73,32.75
B2026-0095,48,6.09,29.36,28.53,2.93,28.43
B2026-0095,54,6.15,29.25,23.57,3.01,32.95
B2026-0095,60,5.98,29.19,22.27,3.43,36.94
B2026-0095,66,6.02,29.47,21.3,3.6,34.85
B2026-0095,72,5.89,29.23,22.18,3.94,34.53
B2026-0096,0,5.92,29.88,33.94,0.97,4.38
B2026-0096,6,5.94,29.96,36.08,1.18,10.99
B2026-0096,12,5.89,29.98,36.82,1.29,19.91
B2026-0096,18,5.92,29.89,34.37,1.65,25.67
B2026-0096,24,5.85,30.28,29.26,1.95,27.98
B2026-0096,30,5.87,29.88,30.6,2.05,27.51
B2026-0096,36,5.73,29.6,26.97,1.96,30.48
B2026-0096,42,5.88,30.18,22.86,2.31,33.19
B2026-0096,48,5.64,29.95,24.71,2.26,31.3
B2026-0096,54,5.63,29.94,21.16,2.51,33.32
B2026-0096,60,5.63,29.91,24.24,2.71,34.18
B2026-0096,66,5.51,30.01,17.85,3.21,31.67
B2026-0096,72,5.6,29.94,18.93,3.32,35.72
B2026-0097,0,6.09,30.07,42.21,0.95,7.18
B2026-0097,6,6.11,29.91,35.11,1.23,9.85
B2026-0097,12,6.02,29.94,33.16,1.55,18.76
B2026-0097,18,5.97,29.93,34.44,1.67,22.54
B2026-0097,24,5.97,29.97,29.87,1.82,27.7
B2026-0097,30,5.96,29.94,31.92,1.94,27.72
B2026-0097,36,5.87,30.2,29.3,2.23,33.12
B2026-0097,42,5.82,30.31,26.37,2.34,31.74
B2026-0097,48,5.78,29.85,31.02,2.7,33.54
B2026-0097,54,5.73,29.89,26.28,2.66,31.74
B2026-0097,60,5.7,30.18,21.9,3.11,33.94
B2026-0097,66,5.75,29.74,22.53,3.24,35.59
B2026-0097,72,5.58,29.98,19.27,3.35,32.51
B2026-0098,0,6.07,29.06,39.41,1.0,1.17
B2026-0098,6,6.05,29.2,40.75,1.23,13.15
B2026-0098,12,5.98,29.29,41.89,1.46,22.97
B2026-0098,18,5.94,28.86,34.75,1.61,27.06
B2026-0098,24,5.93,28.92,32.79,1.97,28.32
B2026-0098,30,5.87,28.76,30.75,2.24,30.18
B2026-0098,36,5.86,29.33,35.34,2.23,30.78
B2026-0098,42,5.78,29.0,26.87,2.25,29.41
B2026-0098,48,5.84,28.81,32.15,2.54,35.45
B2026-0098,54,5.71,28.81,29.24,2.99,32.1
B2026-0098,60,5.67,28.91,24.85,3.04,33.37
B2026-0098,66,5.54,28.96,24.91,3.2,33.72
B2026-0098,72,5.55,28.95,24.74,3.28,35.51
B2026-0099,0,5.86,29.86,35.23,1.06,3.99
B2026-0099,6,5.78,29.87,36.02,1.58,13.2
B2026-0099,12,5.66,30.0,33.12,1.77,21.29
B2026-0099,18,5.7,29.93,30.75,1.74,24.61
B2026-0099,24,5.76,29.96,30.51,2.25,26.28
B2026-0099,30,5.55,29.61,31.72,2.15,29.38
B2026-0099,36,5.57,29.75,25.62,2.42,30.66
B2026-0099,42,5.59,29.87,24.76,2.4,29.68
B2026-0099,48,5.71,30.04,26.71,2.71,32.86
B2026-0099,54,5.43,29.62,21.26,3.16,34.72
B2026-0099,60,5.38,29.77,22.36,3.14,34.01
B2026-0099,66,5.42,29.88,19.78,3.34,33.38
B2026-0099,72,5.29,29.59,17.46,3.73,32.36
B2026-0100,0,6.4,29.6,43.62,1.41,6.47
B2026-0100,6,6.37,29.2,47.03,1.63,13.82
B2026-0100,12,6.26,29.47,43.05,2.0,18.23
B2026-0100,18,6.24,29.3,43.53,2.29,21.17
B2026-0100,24,6.27,29.45,41.29,2.64,27.32
B2026-0100,30,6.24,29.44,41.45,2.84,29.91
B2026-0100,36,6.16,29.67,39.24,3.04,29.84
B2026-0100,42,6.09,29.37,34.11,3.12,29.67
B2026-0100,48,6.17,29.38,38.44,3.69,32.77
B2026-0100,54,5.92,29.48,36.83,4.11,33.87
B2026-0100,60,5.9,29.34,29.76,4.35,36.34
B2026-0100,66,5.94,29.44,32.98,4.35,34.29
B2026-0100,72,5.91,29.35,27.02,4.66,36.56
B2026-0101,0,6.49,30.66,51.3,1.25,4.0
B2026-0101,6,6.3,30.63,51.08,1.52,12.5
B2026-0101,12,6.28,30.6,47.79,1.91,16.43
B2026-0101,18,6.35,30.67,48.31,2.16,22.53
B2026-0101,24,6.16,30.49,45.01,2.41,25.95
B2026-0101,30,6.21,30.29,43.15,2.71,28.89
B2026-0101,36,6.08,30.55,36.28,2.7,32.39
B2026-0101,42,6.05,30.58,36.09,2.88,33.78
B2026-0101,48,6.08,30.45,37.91,3.32,31.05
B2026-0101,54,5.88,30.62,38.73,3.65,34.77
B2026-0101,60,5.87,30.66,35.47,3.82,33.58
B2026-0101,66,5.88,30.19,36.74,4.12,31.98
B2026-0101,72,5.91,30.58,32.0,4.24,35.24
B2026-0102,0,6.31,29.86,35.57,1.17,3.78
B2026-0102,6,6.36,29.92,30.78,1.46,10.48
B2026-0102,12,6.29,29.91,31.85,1.71,19.71
B2026-0102,18,6.14,30.01,26.2,1.87,20.12
B2026-0102,24,6.1,30.2,27.71,2.06,25.47
B2026-0102,30,6.08,30.05,24.7,2.51,28.87
B2026-0102,36,6.11,29.82,23.08,2.58,30.25
B2026-0102,42,6.04,30.07,25.25,2.8,33.71
B2026-0102,48,6.06,30.19,19.42,2.99,32.54
B2026-0102,54,6.02,30.14,19.3,3.34,32.61
B2026-0102,60,5.99,30.18,18.82,3.48,34.96
B2026-0102,66,5.85,30.05,16.49,3.53,34.92
B2026-0102,72,5.78,29.96,14.38,3.83,34.56
B2026-0103,0,6.69,29.68,47.34,1.01,7.43
B2026-0103,6,6.64,29.63,42.65,1.45,12.17
B2026-0103,12,6.52,29.93,42.2,1.6,20.49
B2026-0103,18,6.58,30.16,38.0,1.63,23.21
B2026-0103,24,6.66,30.07,42.45,1.85,25.81
B2026-0103,30,6.43,29.68,41.27,2.12,28.98
B2026-0103,36,6.48,29.55,36.81,2.23,30.36
B2026-0103,42,6.36,29.71,35.57,2.6,31.66
B2026-0103,48,6.38,29.67,34.9,2.75,32.12
B2026-0103,54,6.27,29.77,35.69,2.98,31.74
B2026-0103,60,6.33,29.73,30.94,3.13,35.82
B2026-0103,66,6.19,30.01,26.69,3.37,36.31
B2026-0103,72,6.2,30.14,26.66,3.65,37.29
B2026-0104,0,6.57,29.68,42.65,1.2,1.59
B2026-0104,6,6.65,30.0,46.69,1.44,13.33
B2026-0104,12,6.66,30.01,40.15,1.39,18.23
B2026-0104,18,6.53,29.95,35.22,1.71,23.64
B2026-0104,24,6.52,30.17,38.28,1.84,24.1
B2026-0104,30,6.49,29.8,38.06,2.33,26.83
B2026-0104,36,6.44,30.12,36.78,2.12,29.52
B2026-0104,42,6.29,30.0,33.98,2.26,31.54
B2026-0104,48,6.37,29.95,31.87,2.75,31.26
B2026-0104,54,6.28,29.93,31.22,3.09,33.59
B2026-0104,60,6.31,29.87,25.52,3.27,34.08
B2026-0104,66,6.23,29.74,30.41,3.51,33.78
B2026-0104,72,6.1,30.09,23.04,3.91,33.51
B2026-0105,0,6.12,30.13,51.89,1.16,4.03
B2026-0105,6,6.03,30.26,49.35,1.43,12.91
B2026-0105,12,6.01,30.05,46.71,1.7,19.39
B2026-0105,18,5.9,30.04,43.46,1.99,23.44
B2026-0105,24,5.95,30.31,42.98,2.12,25.59
B2026-0105,30,5.93,30.0,41.04,2.49,28.68
B2026-0105,36,5.71,30.04,38.14,2.6,32.8
B2026-0105,42,5.73,30.08,37.86,3.0,31.48
B2026-0105,48,5.74,29.97,38.41,3.16,32.77
B2026-0105,54,5.6,29.97,31.15,3.31,34.34
B2026-0105,60,5.54,29.92,31.08,3.59,33.38
B2026-0105,66,5.55,30.31,33.81,4.12,31.77
B2026-0105,72,5.47,30.26,28.82,4.22,34.74
B2026-0106,0,6.38,30.59,48.02,1.25,3.85
B2026-0106,6,6.22,30.21,47.26,1.64,12.27
B2026-0106,12,6.28,30.34,39.05,1.92,17.17
B2026-0106,18,6.14,30.46,41.92,2.15,24.47
B2026-0106,24,6.15,30.31,40.15,2.11,29.17
B2026-0106,30,5.99,30.38,35.34,2.46,29.16
B2026-0106,36,6.0,30.6,36.85,2.74,30.6
B2026-0106,42,6.06,30.57,32.54,2.96,32.71
B2026-0106,48,5.97,30.27,34.73,3.18,34.8
B2026-0106,54,5.94,30.26,30.59,3.47,33.7
B2026-0106,60,5.85,30.26,27.27,3.85,34.32
B2026-0106,66,5.83,30.47,27.24,4.05,38.02
B2026-0106,72,5.85,30.39,25.85,3.94,36.04
B2026-0107,0,5.98,29.22,31.51,0.88,4.67
B2026-0107,6,5.88,29.4,32.96,1.32,13.34
B2026-0107,12,5.9,28.99,28.74,1.36,20.7
B2026-0107,18,5.92,29.28,28.4,1.36,24.89
B2026-0107,24,5.73,29.74,26.56,2.04,27.95
B2026-0107,30,5.66,29.34,28.0,1.96,30.4
B2026-0107,36,5.73,29.39,24.84,2.03,30.69
B2026-0107,42,5.65,29.02,23.63,2.36,30.05
B2026-0107,48,5.58,29.25,25.56,2.59,34.4
B2026-0107,54,5.55,29.02,21.47,2.68,32.95
B2026-0107,60,5.45,29.31,20.67,3.06,36.27
B2026-0107,66,5.58,28.99,14.57,2.93,35.16
B2026-0107,72,5.39,29.23,14.94,3.38,32.2
B2026-0108,0,6.08,29.27,38.3,1.19,2.81
B2026-0108,6,5.99,29.41,32.85,1.29,10.21
B2026-0108,12,5.99,29.13,32.26,1.51,19.36
B2026-0108,18,6.02,29.6,27.74,1.9,23.86
B2026-0108,24,5.93,29.29,31.11,2.12,28.91
B2026-0108,30,5.82,29.14,30.93,2.45,29.96
B2026-0108,36,5.98,28.98,27.99,2.69,29.82
B2026-0108,42,6.02,29.3,20.43,2.84,30.91
B2026-0108,48,5.89,29.35,22.04,3.2,34.26
B2026-0108,54,5.73,29.25,22.68,3.21,32.96
B2026-0108,60,5.74,29.11,15.6,3.51,30.91
B2026-0108,66,5.64,29.01,15.19,3.76,33.87
B2026-0108,72,5.64,29.07,15.59,3.98,34.35
B2026-0109,0,5.99,30.92,45.73,0.58,2.87
B2026-0109,6,5.89,30.66,42.54,0.96,16.43
B2026-0109,12,5.83,30.77,40.44,1.25,20.4
B2026-0109,18,5.86,30.98,40.63,1.22,26.16
B2026-0109,24,5.81,30.44,40.81,1.34,28.18
B2026-0109,30,5.76,30.51,38.86,1.59,29.69
B2026-0109,36,5.72,31.0,37.56,1.71,32.53
B2026-0109,42,5.78,30.91,35.56,1.92,32.38
B2026-0109,48,5.61,31.1,32.07,2.15,32.66
B2026-0109,54,5.48,30.75,30.89,2.24,33.59
B2026-0109,60,5.46,30.99,32.58,2.51,34.25
B2026-0109,66,5.48,30.88,27.66,2.49,33.94
B2026-0109,72,5.35,30.79,26.35,2.6,34.98
B2026-0110,0,6.79,29.58,53.56,1.14,2.75
B2026-0110,6,6.64,29.68,53.82,1.5,11.2
B2026-0110,12,6.71,29.85,49.26,1.85,19.57
B2026-0110,18,6.58,29.77,49.43,2.0,23.88
B2026-0110,24,6.53,29.41,48.95,2.12,28.0
B2026-0110,30,6.54,29.66,48.36,2.43,29.39
B2026-0110,36,6.46,29.96,43.3,2.6,28.95
B2026-0110,42,6.47,29.62,42.21,2.81,32.09
B2026-0110,48,6.31,29.37,42.48,2.85,34.13
B2026-0110,54,6.44,29.69,42.58,3.34,35.86
B2026-0110,60,6.27,29.36,38.24,3.78,34.7
B2026-0110,66,6.23,29.76,38.76,3.8,38.15
B2026-0110,72,6.19,29.86,36.75,3.96,33.8
B2026-0111,0,6.34,29.03,28.96,1.14,4.98
B2026-0111,6,6.25,29.0,27.42,1.54,11.9
B2026-0111,12,6.18,28.94,29.48,1.96,17.63
B2026-0111,18,6.27,28.94,23.6,2.21,20.64
B2026-0111,24,6.1,28.92,22.36,2.4,26.71
B2026-0111,30,6.06,29.17,20.97,2.61,29.37
B2026-0111,36,6.14,29.03,17.76,2.64,28.65
B2026-0111,42,5.96,28.99,16.09,3.16,31.14
B2026-0111,48,5.89,29.1,18.36,3.24,33.21
B2026-0111,54,5.79,28.79,12.86,3.76,32.29
B2026-0111,60,5.81,29.01,12.53,3.79,36.87
B2026-0111,66,5.8,29.03,10.07,4.19,36.06
B2026-0111,72,5.88,28.89,11.49,4.46,35.89
B2026-0112,0,6.07,30.28,50.64,1.25,6.35
B2026-0112,6,6.04,30.29,42.26,1.16,12.2
B2026-0112,12,5.92,30.43,42.98,1.51,18.39
B2026-0112,18,6.02,30.22,44.92,1.81,24.95
B2026-0112,24,5.96,30.31,39.04,1.97,26.8
B2026-0112,30,5.88,30.2,43.13,2.22,27.76
B2026-0112,36,5.8,30.6,40.59,2.56,29.24
B2026-0112,42,5.74,30.21,38.05,2.63,31.26
B2026-0112,48,5.72,30.19,35.74,3.0,30.58
B2026-0112,54,5.72,30.52,34.15,3.02,34.84
B2026-0112,60,5.6,30.31,30.85,3.08,33.67
B2026-0112,66,5.54,30.31,33.58,3.74,34.35
B2026-0112,72,5.63,30.37,29.0,3.5,36.87
B2026-0113,0,6.5,30.53,56.59,1.42,4.47
B2026-0113,6,6.65,30.55,52.91,1.75,12.94
B2026-0113,12,6.47,30.5,53.83,1.92,19.77
B2026-0113,18,6.43,30.33,51.26,2.56,25.06
B2026-0113,24,6.36,30.32,48.29,2.51,26.66
B2026-0113,30,6.47,30.07,47.55,3.0,29.58
B2026-0113,36,6.26,30.11,43.26,3.46,29.33
B2026-0113,42,6.25,30.64,42.97,3.63,33.59
B2026-0113,48,6.3,30.12,41.42,3.92,35.74
B2026-0113,54,6.15,30.25,42.11,4.25,34.48
B2026-0113,60,6.1,30.24,40.11,4.62,33.54
B2026-0113,66,6.11,30.17,41.83,4.78,35.82
B2026-0113,72,6.07,30.34,33.52,4.8,36.31
B2026-0114,0,5.39,28.96,42.28,0.91,5.59
B2026-0114,6,5.45,28.84,44.54,1.24,12.61
B2026-0114,12,5.42,28.86,44.09,1.45,19.06
B2026-0114,18,5.35,28.97,39.83,1.77,25.47
B2026-0114,24,5.3,28.35,39.32,1.82,26.78
B2026-0114,30,5.22,28.97,38.21,1.96,31.39
B2026-0114,36,5.19,29.01,36.26,2.33,32.34
B2026-0114,42,5.09,29.08,34.04,2.61,33.64
B2026-0114,48,5.02,29.28,27.91,2.65,31.8
B2026-0114,54,5.13,28.97,28.94,2.74,32.39
B2026-0114,60,4.96,28.88,27.44,3.0,34.48
B2026-0114,66,4.87,28.68,27.98,3.22,35.3
B2026-0114,72,4.92,29.16,27.77,3.67,39.08
B2026-0115,0,5.34,29.83,50.39,1.29,3.89
B2026-0115,6,5.45,30.12,47.43,1.4,12.49
B2026-0115,12,5.41,30.09,46.66,1.77,18.79
B2026-0115,18,5.39,30.02,43.38,1.97,24.2
B2026-0115,24,5.23,30.36,47.92,2.1,29.06
B2026-0115,30,5.09,30.32,40.77,2.52,27.7
B2026-0115,36,5.19,30.04,40.47,2.86,30.64
B2026-0115,42,5.28,30.1,42.3,2.68,31.56
B2026-0115,48,5.08,30.39,38.11,2.86,30.88
B2026-0115,54,5.01,30.3,37.76,3.31,32.63
B2026-0115,60,5.07,29.99,35.48,3.62,33.48
B2026-0115,66,5.01,30.18,33.98,3.65,35.13
B2026-0115,72,5.01,30.21,32.6,4.03,35.77
B2026-0116,0,6.43,30.34,42.02,0.99,4.42
B2026-0116,6,6.36,30.45,39.14,1.32,13.56
B2026-0116,12,6.35,30.42,39.89,1.66,20.03
B2026-0116,18,6.39,30.72,36.79,1.82,21.45
B2026-0116,24,6.27,30.68,34.75,1.67,28.13
B2026-0116,30,6.28,30.47,34.44,2.39,28.12
B2026-0116,36,6.25,30.32,30.76,2.52,29.57
B2026-0116,42,6.16,30.71,31.79,2.85,29.45
B2026-0116,48,6.02,30.54,27.64,2.93,35.7
B2026-0116,54,6.06,30.6,28.1,3.22,37.34
B2026-0116,60,5.96,30.42,22.66,3.62,35.1
B2026-0116,66,5.94,30.39,25.73,3.71,36.32
B2026-0116,72,5.92,30.59,21.98,3.81,34.22
B2026-0117,0,6.1,30.34,46.57,1.29,5.0
B2026-0117,6,6.12,30.49,45.25,1.56,14.96
B2026-0117,12,6.08,30.32,43.43,1.48,17.39
B2026-0117,18,5.97,30.25,39.63,1.67,23.82
B2026-0117,24,6.0,30.44,42.74,2.12,25.78
B2026-0117,30,6.0,30.26,36.65,2.18,28.45
B2026-0117,36,5.91,30.38,36.57,2.73,31.82
B2026-0117,42,5.9,30.22,31.89,2.66,30.94
B2026-0117,48,5.68,30.11,35.58,3.0,32.28
B2026-0117,54,5.82,29.97,31.36,3.33,33.27
B2026-0117,60,5.65,30.2,31.77,3.43,31.77
B2026-0117,66,5.85,30.07,27.14,3.5,32.65
B2026-0117,72,5.64,30.36,28.63,3.8,32.92
B2026-0118,0,6.27,30.52,33.51,1.2,3.83
B2026-0118,6,6.2,30.42,33.59,1.66,13.06
B2026-0118,12,6.15,30.48,28.55,1.7,19.75
B2026-0118,18,6.09,30.58,28.32,1.72,24.12
B2026-0118,24,6.09,30.59,28.36,2.04,26.12
B2026-0118,30,6.03,30.5,26.08,2.32,29.01
B2026-0118,36,6.05,30.34,28.49,2.59,29.11
B2026-0118,42,5.96,30.56,21.25,2.55,30.44
B2026-0118,48,5.94,30.18,17.47,3.01,32.51
B2026-0118,54,5.82,30.37,15.84,3.23,32.25
B2026-0118,60,5.79,30.49,16.69,3.31,30.91
B2026-0118,66,5.8,30.45,14.58,3.49,34.23
B2026-0118,72,5.77,30.46,17.31,3.92,34.27
B2026-0119,0,5.73,29.02,27.34,1.37,2.65
B2026-0119,6,5.65,29.2,26.28,1.4,10.23
B2026-0119,12,5.47,29.33,24.7,1.6,19.61
B2026-0119,18,5.5,28.97,20.61,1.73,20.44
B2026-0119,24,5.42,29.17,18.94,2.2,28.26
B2026-0119,30,5.48,28.97,19.59,2.31,30.95
B2026-0119,36,5.55,29.23,13.44,2.54,30.81
B2026-0119,42,5.42,28.76,12.68,2.98,31.16
B2026-0119,48,5.26,28.85,15.36,2.96,33.21
B2026-0119,54,5.25,28.76,15.84,3.33,32.96
B2026-0119,60,5.24,29.24,12.59,3.65,33.02
B2026-0119,66,5.23,29.08,8.73,3.74,33.33
B2026-0119,72,5.21,28.82,9.39,4.02,34.13
B2026-0120,0,6.17,30.18,52.2,1.42,4.88
B2026-0120,6,6.07,30.14,51.59,1.54,15.08
B2026-0120,12,6.08,30.23,48.51,1.96,18.17
B2026-0120,18,5.98,30.35,49.57,1.83,23.36
B2026-0120,24,5.98,30.18,47.53,2.17,22.58
B2026-0120,30,5.88,30.27,39.18,2.54,26.26
B2026-0120,36,5.88,30.53,43.61,2.89,32.06
B2026-0120,42,5.85,30.2,44.31,3.21,32.43
B2026-0120,48,5.8,30.18,42.71,3.37,34.69
B2026-0120,54,5.7,30.45,40.24,3.56,34.22
B2026-0120,60,5.69,30.24,36.74,3.91,35.31
B2026-0120,66,5.71,30.06,33.99,4.22,34.72
B2026-0120,72,5.6,30.47,36.17,4.37,33.35
B2026-0121,0,6.84,29.74,40.63,1.57,4.05
B2026-0121,6,6.85,29.91,36.65,1.78,13.68
B2026-0121,12,6.8,29.67,33.6,1.97,18.02
B2026-0121,18,6.64,29.89,34.06,2.13,23.23
B2026-0121,24,6.67,29.82,29.62,2.4,27.61
B2026-0121,30,6.55,29.75,29.55,2.83,29.52
B2026-0121,36,6.7,29.55,30.37,2.82,32.9
B2026-0121,42,6.44,30.15,26.26,3.55,33.62
B2026-0121,48,6.49,29.73,23.78,3.77,32.21
B2026-0121,54,6.43,29.87,22.08,3.91,33.62
B2026-0121,60,6.4,29.71,25.36,4.2,33.35
B2026-0121,66,6.38,29.86,18.64,4.56,34.59
B2026-0121,72,6.24,30.06,22.04,4.69,32.75
B2026-0122,0,6.45,29.45,45.08,1.13,6.43
B2026-0122,6,6.35,29.65,43.31,1.38,13.2
B2026-0122,12,6.42,29.58,36.67,1.47,19.96
B2026-0122,18,6.34,29.82,37.06,1.7,20.07
B2026-0122,24,6.44,29.74,36.3,2.13,24.68
B2026-0122,30,6.18,29.92,35.76,2.23,27.3
B2026-0122,36,6.16,29.61,36.95,2.53,29.02
B2026-0122,42,6.14,29.7,28.71,2.82,33.81
B2026-0122,48,6.11,29.54,28.63,2.8,32.65
B2026-0122,54,6.08,29.53,31.99,3.32,30.77
B2026-0122,60,5.92,29.51,29.67,3.56,36.33
B2026-0122,66,5.98,29.63,22.44,3.72,33.91
B2026-0122,72,5.92,29.9,23.1,4.07,32.05
B2026-0123,0,6.37,30.55,36.32,1.45,3.25
B2026-0123,6,6.22,30.74,31.9,1.52,12.86
B2026-0123,12,6.12,30.82,33.15,1.85,19.99
B2026-0123,18,5.96,30.52,30.73,2.25,23.9
B2026-0123,24,6.13,30.74,27.6,2.36,27.44
B2026-0123,30,5.97,30.84,24.77,2.67,30.25
B2026-0123,36,5.94,30.53,25.26,2.98,30.05
B2026-0123,42,5.85,30.78,24.62,3.26,33.13
B2026-0123,48,6.01,30.78,20.79,3.46,32.01
B2026-0123,54,5.81,30.4,20.09,3.72,33.36
B2026-0123,60,5.73,30.38,23.3,3.95,32.66
B2026-0123,66,5.78,30.94,18.73,3.83,38.19
B2026-0123,72,5.6,30.58,13.64,4.34,34.86
B2026-0124,0,5.87,31.02,37.01,0.95,1.91
B2026-0124,6,5.95,30.98,31.95,1.11,13.57
B2026-0124,12,5.95,30.88,29.7,1.47,17.64
B2026-0124,18,5.88,31.26,29.85,1.51,24.18
B2026-0124,24,5.82,31.01,29.34,1.94,26.88
B2026-0124,30,5.78,31.35,29.2,2.16,29.34
B2026-0124,36,5.69,31.2,25.51,2.19,30.44
B2026-0124,42,5.65,31.19,25.0,2.48,31.93
B2026-0124,48,5.62,30.72,19.23,2.57,31.51
B2026-0124,54,5.64,31.16,20.21,3.03,32.28
B2026-0124,60,5.57,31.03,21.07,3.08,34.09
B2026-0124,66,5.44,30.9,19.5,3.02,36.22
B2026-0124,72,5.53,30.92,14.06,3.69,36.55
B2026-0125,0,6.0,31.28,43.32,1.35,2.99
B2026-0125,6,5.97,31.53,42.83,1.47,10.74
B2026-0125,12,5.94,31.14,41.94,1.65,20.12
B2026-0125,18,5.82,31.26,39.18,2.31,23.85
B2026-0125,24,5.96,31.34,41.13,2.33,27.35
B2026-0125,30,5.88,31.39,37.75,2.57,28.91
B2026-0125,36,5.83,31.46,33.92,2.78,29.45
B2026-0125,42,5.77,31.12,35.16,3.19,31.18
B2026-0125,48,5.77,31.04,35.26,3.41,29.74
B2026-0125,54,5.73,31.4,29.5,3.51,31.1
B2026-0125,60,5.74,31.12,26.25,3.92,31.44
B2026-0125,66,5.49,31.41,28.12,4.09,34.24
B2026-0125,72,5.49,31.25,24.09,4.32,33.52
B2026-0126,0,5.36,31.08,41.7,0.93,2.21
B2026-0126,6,5.35,31.24,36.52,1.22,12.92
B2026-0126,12,5.31,30.85,39.31,1.5,20.35
B2026-0126,18,5.32,31.05,38.58,1.8,27.08
B2026-0126,24,5.31,30.82,35.52,1.92,29.71
B2026-0126,30,5.14,31.0,30.88,2.1,28.82
B2026-0126,36,5.18,30.71,32.25,2.26,31.03
B2026-0126,42,5.23,30.86,29.76,2.45,32.29
B2026-0126,48,5.2,30.93,26.36,2.86,32.38
B2026-0126,54,4.93,30.81,23.42,2.62,32.91
B2026-0126,60,4.98,31.1,25.59,3.1,32.55
B2026-0126,66,5.0,31.13,23.54,3.28,32.31
B2026-0126,72,4.97,31.19,21.81,3.36,34.19
B2026-0127,0,6.21,29.87,50.32,1.43,5.51
B2026-0127,6,6.22,29.79,46.44,1.6,12.51
B2026-0127,12,6.26,30.22,47.53,1.95,17.04
B2026-0127,18,6.13,29.8,47.53,2.01,24.17
B2026-0127,24,6.02,29.92,44.02,2.59,26.74
B2026-0127,30,6.08,29.82,41.6,2.85,29.64
B2026-0127,36,5.96,29.88,41.56,2.87,29.39
B2026-0127,42,5.98,29.86,35.03,3.43,30.34
B2026-0127,48,5.89,29.83,35.76,3.43,33.92
B2026-0127,54,5.87,30.07,33.56,4.06,30.6
B2026-0127,60,5.73,30.19,34.14,4.11,34.54
B2026-0127,66,5.82,29.97,29.68,4.43,35.2
B2026-0127,72,5.83,30.19,30.68,4.45,37.09
B2026-0128,0,6.38,30.3,49.11,1.56,5.15
B2026-0128,6,6.42,30.32,46.41,1.9,11.63
B2026-0128,12,6.35,30.23,50.14,2.2,15.9
B2026-0128,18,6.4,30.31,44.61,2.49,22.18
B2026-0128,24,6.4,30.25,39.81,2.89,28.64
B2026-0128,30,6.25,30.11,39.72,3.04,31.43
B2026-0128,36,6.19,30.0,40.89,3.48,30.13
B2026-0128,42,6.09,30.09,40.71,3.8,32.71
B2026-0128,48,6.13,30.3,36.02,4.05,34.59
B2026-0128,54,6.16,30.06,34.95,4.49,36.28
B2026-0128,60,6.14,30.13,36.34,4.7,35.46
B2026-0128,66,6.03,30.06,33.3,5.12,34.18
B2026-0128,72,5.93,30.01,31.99,5.33,33.05
B2026-0129,0,5.58,30.56,47.45,1.17,1.38
B2026-0129,6,5.64,30.54,44.78,1.09,14.33
B2026-0129,12,5.55,30.57,47.13,1.71,19.38
B2026-0129,18,5.46,30.47,44.66,2.0,23.44
B2026-0129,24,5.52,30.59,42.99,2.34,29.31
B2026-0129,30,5.49,30.42,45.03,2.27,28.8
B2026-0129,36,5.22,30.59,36.9,2.55,29.06
B2026-0129,42,5.41,30.62,42.04,2.6,34.32
B2026-0129,48,5.16,30.57,34.64,2.89,32.07
B2026-0129,54,5.17,30.35,33.43,3.18,35.2
B2026-0129,60,5.2,30.71,29.78,3.34,34.96
B2026-0129,66,5.16,30.41,33.02,3.55,33.04
B2026-0129,72,5.13,30.54,28.52,3.77,32.83
B2026-0130,0,5.89,30.25,48.4,0.88,4.77
B2026-0130,6,5.84,29.84,44.47,0.83,11.66
B2026-0130,12,5.89,30.23,49.17,0.97,21.48
B2026-0130,18,5.89,30.05,44.11,1.36,23.51
B2026-0130,24,5.74,29.99,36.86,1.36,25.76
B2026-0130,30,5.65,30.15,37.09,1.6,29.87
B2026-0130,36,5.64,30.08,36.03,1.74,31.09
B2026-0130,42,5.64,30.16,35.54,1.61,33.43
B2026-0130,48,5.63,30.0,36.06,2.09,34.55
B2026-0130,54,5.51,29.86,31.02,2.05,35.65
B2026-0130,60,5.46,30.0,30.84,2.17,33.88
B2026-0130,66,5.38,30.25,30.2,2.67,32.45
B2026-0130,72,5.51,30.29,28.09,2.48,33.05
B2026-0131,0,5.69,30.09,58.66,0.89,7.44
B2026-0131,6,5.69,30.1,55.79,1.26,12.25
B2026-0131,12,5.66,30.09,57.07,1.52,20.14
B2026-0131,18,5.62,30.13,53.39,1.82,24.08
B2026-0131,24,5.57,30.06,52.07,1.91,26.74
B2026-0131,30,5.5,30.21,52.36,2.33,28.24
B2026-0131,36,5.53,29.81,50.78,2.15,29.33
B2026-0131,42,5.47,30.0,46.02,2.47,33.09
B2026-0131,48,5.36,30.08,45.2,2.84,34.12
B2026-0131,54,5.26,30.25,43.15,2.97,32.05
B2026-0131,60,5.35,30.47,43.04,3.1,33.55
B2026-0131,66,5.2,30.31,41.83,3.23,32.68
B2026-0131,72,5.25,30.23,37.32,3.7,34.29
B2026-0132,0,5.76,30.51,40.96,1.26,2.9
B2026-0132,6,5.83,30.61,34.29,1.81,14.31
B2026-0132,12,5.75,30.48,33.38,2.0,17.12
B2026-0132,18,5.77,30.83,32.24,2.29,25.37
B2026-0132,24,5.76,30.81,27.65,2.48,27.58
B2026-0132,30,5.57,30.84,32.8,2.69,28.9
B2026-0132,36,5.52,30.55,27.51,3.17,29.47
B2026-0132,42,5.36,30.34,24.32,3.25,32.27
B2026-0132,48,5.41,30.39,22.93,3.47,32.01
B2026-0132,54,5.4,30.68,21.23,3.83,32.64
B2026-0132,60,5.44,30.55,23.73,4.01,33.82
B2026-0132,66,5.32,30.39,19.91,4.63,32.93
B2026-0132,72,5.3,30.38,15.54,4.59,33.76
B2026-0133,0,6.14,29.92,42.26,1.22,4.75
B2026-0133,6,6.05,29.91,44.56,1.45,13.3
B2026-0133,12,5.99,30.09,43.13,1.8,20.77
B2026-0133,18,6.02,29.87,43.56,2.26,22.56
B2026-0133,24,6.0,30.12,39.07,2.36,28.0
B2026-0133,30,5.93,30.02,37.63,2.39,27.66
B2026-0133,36,5.88,30.1,37.98,2.87,31.46
B2026-0133,42,5.9,30.0,35.29,3.08,29.89
B2026-0133,48,5.79,29.8,35.11,3.47,29.59
B2026-0133,54,5.89,29.97,33.34,3.58,35.62
B2026-0133,60,5.76,29.75,29.52,3.83,33.57
B2026-0133,66,5.75,29.95,26.95,3.88,33.62
B2026-0133,72,5.68,29.66,25.0,4.02,33.51
B2026-0134,0,5.49,29.31,56.47,1.58,6.18
B2026-0134,6,5.39,29.62,50.74,1.28,12.83
B2026-0134,12,5.36,29.65,50.76,1.73,19.32
B2026-0134,18,5.29,29.48,48.6,1.98,23.89
B2026-0134,24,5.23,29.59,50.78,2.26,25.26
B2026-0134,30,5.22,29.35,47.34,2.31,31.06
B2026-0134,36,5.22,29.66,47.66,2.62,30.17
B2026-0134,42,5.23,29.46,41.27,3.01,32.21
B2026-0134,48,5.18,29.53,42.35,3.31,30.54
B2026-0134,54,5.01,29.36,36.42,3.46,32.62
B2026-0134,60,5.06,29.55,40.44,3.54,32.75
B2026-0134,66,4.97,29.63,37.54,3.75,32.41
B2026-0134,72,4.93,29.41,35.92,4.04,33.77
B2026-0135,0,6.38,29.79,60.05,1.48,6.39
B2026-0135,6,6.27,29.47,54.5,1.75,13.84
B2026-0135,12,6.35,29.33,55.46,1.95,16.77
B2026-0135,18,6.28,29.74,52.13,2.3,24.24
B2026-0135,24,6.11,29.69,46.55,2.52,28.93
B2026-0135,30,6.08,29.61,46.43,2.65,29.76
B2026-0135,36,6.09,29.81,48.75,3.1,29.13
B2026-0135,42,6.16,29.93,48.14,3.21,30.87
B2026-0135,48,5.97,29.54,43.47,3.6,34.81
B2026-0135,54,5.96,29.7,41.66,3.68,34.56
B2026-0135,60,5.97,29.73,41.0,4.09,34.8
B2026-0135,66,5.86,29.84,39.21,4.23,34.56
B2026-0135,72,5.89,29.87,35.02,4.71,34.47
B2026-0136,0,6.38,30.36,32.62,1.07,5.02
B2026-0136,6,6.49,30.2,31.14,1.62,12.72
B2026-0136,12,6.38,30.43,30.3,1.75,15.51
B2026-0136,18,6.22,30.59,32.26,2.19,24.26
B2026-0136,24,6.11,30.35,30.94,2.46,28.87
B2026-0136,30,6.19,30.25,26.63,2.51,31.49
B2026-0136,36,6.18,30.45,25.27,2.8,31.74
B2026-0136,42,6.08,30.29,26.28,2.8,34.45
B2026-0136,48,5.97,30.36,23.9,3.24,30.87
B2026-0136,54,6.06,30.45,19.94,3.41,33.4
B2026-0136,60,5.96,30.81,18.31,3.68,33.08
B2026-0136,66,6.06,30.2,17.93,3.94,32.07
B2026-0136,72,5.86,30.49,13.9,4.25,37.03
B2026-0137,0,6.07,29.78,41.81,1.39,3.47
B2026-0137,6,6.03,30.05,45.38,1.7,11.06
B2026-0137,12,6.05,30.19,40.8,1.94,20.02
B2026-0137,18,5.92,29.69,39.88,2.35,25.76
B2026-0137,24,5.85,30.04,37.66,2.52,27.0
B2026-0137,30,5.86,30.03,37.07,2.93,28.01
B2026-0137,36,5.8,29.94,32.87,2.86,30.84
B2026-0137,42,5.8,29.98,32.4,3.37,34.11
B2026-0137,48,5.7,29.83,30.65,3.82,31.1
B2026-0137,54,5.73,30.18,24.52,3.92,34.36
B2026-0137,60,5.63,29.91,26.49,4.1,33.44
B2026-0137,66,5.57,29.95,28.47,4.26,31.58
B2026-0137,72,5.63,29.97,23.72,4.67,34.75
B2026-0138,0,5.25,30.31,54.94,1.33,1.0
B2026-0138,6,5.31,30.21,56.62,1.68,13.61
B2026-0138,12,5.2,30.3,51.78,1.75,18.93
B2026-0138,18,5.12,30.45,52.87,2.06,23.19
B2026-0138,24,5.12,30.23,51.08,2.42,24.74
B2026-0138,30,4.94,30.18,50.07,2.63,31.0
B2026-0138,36,5.03,30.44,49.67,3.06,29.0
B2026-0138,42,4.99,30.42,46.33,3.26,29.91
B2026-0138,48,5.06,30.12,40.21,3.41,29.17
B2026-0138,54,4.84,30.62,41.85,3.54,33.49
B2026-0138,60,4.81,30.37,39.25,4.0,32.17
B2026-0138,66,4.98,30.31,39.16,4.2,33.38
B2026-0138,72,4.74,30.12,41.22,4.43,31.24
B2026-0139,0,5.73,30.61,49.56,1.47,5.75
B2026-0139,6,5.71,30.56,47.15,1.83,12.2
B2026-0139,12,5.7,30.59,48.39,2.03,18.38
B2026-0139,18,5.77,30.56,44.53,2.25,25.13
B2026-0139,24,5.64,30.44,43.96,2.65,26.74
B2026-0139,30,5.67,30.66,43.21,3.06,29.16
B2026-0139,36,5.59,30.62,42.6,3.29,31.75
B2026-0139,42,5.63,30.39,38.67,3.43,31.44
B2026-0139,48,5.35,30.68,35.35,3.76,30.71
B2026-0139,54,5.46,30.35,33.54,4.05,32.41
B2026-0139,60,5.35,30.49,35.83,4.21,32.41
B2026-0139,66,5.34,30.55,35.57,4.46,33.73
B2026-0139,72,5.37,30.77,29.08,4.78,35.0
B2026-0140,0,6.55,29.62,48.05,1.44,2.04
B2026-0140,6,6.63,29.65,46.67,1.69,13.28
B2026-0140,12,6.48,29.85,44.05,1.8,18.78
B2026-0140,18,6.51,29.53,40.79,1.81,23.51
B2026-0140,24,6.32,29.63,39.01,2.4,25.34
B2026-0140,30,6.3,29.77,43.02,2.44,29.09
B2026-0140,36,6.41,29.87,38.91,2.63,31.49
B2026-0140,42,6.21,29.64,39.34,3.09,32.65
B2026-0140,48,6.13,29.56,33.54,3.16,30.97
B2026-0140,54,6.19,30.0,34.11,3.44,31.93
B2026-0140,60,6.07,29.55,28.37,3.67,34.47
B2026-0140,66,6.07,29.76,33.08,4.13,35.36
B2026-0140,72,6.07,29.85,31.27,3.9,36.66
B2026-0141,0,5.15,30.45,43.55,1.4,2.33
B2026-0141,6,5.12,30.61,43.11,1.67,12.3
B2026-0141,12,5.14,30.69,43.08,1.94,20.49
B2026-0141,18,5.1,30.93,41.94,2.13,22.23
B2026-0141,24,5.0,30.48,38.95,2.32,28.62
B2026-0141,30,4.89,30.28,36.07,2.56,27.26
B2026-0141,36,4.89,30.42,34.78,2.85,30.0
B2026-0141,42,4.89,30.68,36.12,3.2,32.33
B2026-0141,48,4.83,30.6,32.37,3.6,30.01
B2026-0141,54,4.79,30.58,29.96,3.59,31.51
B2026-0141,60,4.81,30.42,24.92,4.07,34.58
B2026-0141,66,4.71,30.39,26.61,4.37,31.79
B2026-0141,72,4.58,30.44,25.21,4.42,35.4
B2026-0142,0,6.09,30.31,44.05,1.16,4.01
B2026-0142,6,5.91,30.11,38.64,1.33,13.14
B2026-0142,12,5.86,30.28,38.01,1.43,18.15
B2026-0142,18,5.84,30.36,37.84,1.87,22.93
B2026-0142,24,5.84,30.55,33.35,2.15,29.31
B2026-0142,30,5.87,30.22,37.87,2.17,28.09
B2026-0142,36,5.76,30.18,31.54,2.56,29.64
B2026-0142,42,5.73,30.05,31.91,2.5,30.22
B2026-0142,48,5.69,30.42,31.14,2.92,32.65
B2026-0142,54,5.63,30.38,27.55,3.17,35.31
B2026-0142,60,5.56,30.16,26.0,3.11,33.19
B2026-0142,66,5.65,30.11,28.16,3.45,37.38
B2026-0142,72,5.49,30.24,22.11,3.63,36.44
B2026-0143,0,5.77,29.29,45.67,1.15,2.54
B2026-0143,6,5.62,29.17,47.18,1.29,13.86
B2026-0143,12,5.71,29.36,42.76,1.66,21.91
B2026-0143,18,5.59,28.89,40.79,1.63,26.62
B2026-0143,24,5.57,29.04,40.6,1.73,28.14
B2026-0143,30,5.52,29.45,41.65,2.2,28.78
B2026-0143,36,5.42,29.0,36.07,2.41,30.23
B2026-0143,42,5.5,29.16,36.64,2.37,32.45
B2026-0143,48,5.39,29.27,34.21,2.79,35.31
B2026-0143,54,5.38,29.25,35.2,3.14,34.01
B2026-0143,60,5.36,29.13,30.92,2.98,35.79
B2026-0143,66,5.22,29.25,31.72,3.44,33.44
B2026-0143,72,5.19,29.19,28.72,3.38,37.34
B2026-0144,0,6.38,30.86,43.5,1.67,1.0
B2026-0144,6,6.46,30.87,42.93,1.73,15.78
B2026-0144,12,6.36,30.9,40.21,2.11,19.35
B2026-0144,18,6.33,31.01,36.48,2.35,24.51
B2026-0144,24,6.22,31.11,37.71,2.65,28.62
B2026-0144,30,6.12,30.91,38.53,3.18,32.57
B2026-0144,36,6.18,31.08,36.12,3.41,31.27
B2026-0144,42,6.2,31.08,33.94,3.43,31.5
B2026-0144,48,6.07,30.83,28.01,3.78,32.45
B2026-0144,54,6.06,31.09,30.11,4.09,32.08
B2026-0144,60,6.07,30.99,27.28,4.39,32.79
B2026-0144,66,5.94,30.93,25.99,4.78,34.82
B2026-0144,72,6.02,31.19,28.89,5.06,35.25
B2026-0145,0,5.88,29.77,44.35,1.06,6.29
B2026-0145,6,5.8,29.72,42.32,1.6,14.68
B2026-0145,12,5.86,29.84,42.51,1.97,20.2
B2026-0145,18,5.73,29.66,40.6,1.91,21.11
B2026-0145,24,5.77,29.44,34.28,2.13,25.69
B2026-0145,30,5.65,29.18,36.04,2.38,28.19
B2026-0145,36,5.69,29.86,37.19,2.76,32.47
B2026-0145,42,5.56,29.72,36.57,2.82,30.81
B2026-0145,48,5.61,29.43,30.82,3.03,33.52
B2026-0145,54,5.55,29.8,29.57,3.23,34.24
B2026-0145,60,5.45,29.56,26.11,3.61,36.21
B2026-0145,66,5.39,29.8,28.12,3.6,32.87
B2026-0145,72,5.36,29.6,27.5,4.27,32.29
B2026-0146,0,6.26,28.71,44.09,1.36,4.0
B2026-0146,6,6.14,28.84,42.63,1.6,14.69
B2026-0146,12,6.24,28.87,42.4,1.87,19.93
B2026-0146,18,6.19,28.83,42.31,1.96,22.49
B2026-0146,24,6.17,28.97,40.48,2.55,27.59
B2026-0146,30,6.07,28.66,41.59,2.72,31.84
B2026-0146,36,6.17,28.65,34.56,2.54,32.18
B2026-0146,42,6.04,28.86,33.09,3.13,32.27
B2026-0146,48,6.01,28.88,35.29,3.38,34.62
B2026-0146,54,5.95,28.66,35.16,3.8,34.15
B2026-0146,60,5.89,29.09,27.53,4.06,33.18
B2026-0146,66,5.9,28.86,26.73,4.1,35.74
B2026-0146,72,5.78,28.75,26.37,4.5,37.06
B2026-0147,0,6.22,29.69,40.98,1.28,3.35
B2026-0147,6,6.31,29.3,36.89,1.35,14.56
B2026-0147,12,6.17,29.33,36.67,1.56,22.04
B2026-0147,18,6.17,29.1,35.45,1.82,23.61
B2026-0147,24,6.19,29.3,33.99,2.05,27.79
B2026-0147,30,6.13,29.19,35.62,2.36,30.78
B2026-0147,36,6.17,29.46,32.46,2.6,30.71
B2026-0147,42,6.04,28.94,30.93,2.86,33.23
B2026-0147,48,6.01,29.37,25.15,2.92,29.13
B2026-0147,54,5.96,29.15,24.52,3.33,32.82
B2026-0147,60,5.85,29.65,24.67,3.4,32.89
B2026-0147,66,5.88,29.24,25.76,3.75,36.99
B2026-0147,72,5.82,29.33,23.62,4.13,36.4
B2026-0148,0,6.78,29.28,45.3,1.05,5.64
B2026-0148,6,6.8,29.27,52.07,1.24,11.71
B2026-0148,12,6.68,29.12,48.34,1.52,20.0
B2026-0148,18,6.64,29.28,41.15,1.74,23.74
B2026-0148,24,6.56,29.27,43.41,2.11,25.24
B2026-0148,30,6.6,29.12,41.22,2.14,28.83
B2026-0148,36,6.54,29.34,39.77,2.41,30.35
B2026-0148,42,6.5,29.34,39.63,2.59,32.47
B2026-0148,48,6.49,29.24,35.45,2.55,30.34
B2026-0148,54,6.52,28.95,38.39,2.83,35.24
B2026-0148,60,6.24,29.25,37.33,3.21,33.39
B2026-0148,66,6.22,29.09,35.62,3.29,34.1
B2026-0148,72,6.31,29.09,32.07,3.49,34.87
B2026-0149,0,6.04,29.8,68.46,1.27,4.59
B2026-0149,6,6.04,30.17,67.32,1.43,12.07
B2026-0149,12,6.05,30.08,65.03,1.47,20.74
B2026-0149,18,5.91,30.05,69.27,1.97,26.01
B2026-0149,24,5.88,30.2,63.03,2.14,29.86
B2026-0149,30,5.85,30.04,59.59,2.43,28.3
B2026-0149,36,5.89,29.79,60.91,2.48,31.9
B2026-0149,42,5.79,29.96,57.46,2.68,33.25
B2026-0149,48,5.68,30.0,57.34,3.2,32.83
B2026-0149,54,5.69,30.08,50.92,3.09,32.89
B2026-0149,60,5.62,29.8,55.2,3.49,34.1
B2026-0149,66,5.58,30.05,52.93,3.66,34.87
B2026-0149,72,5.53,30.05,52.6,4.06,36.42
B2026-0150,0,6.3,29.81,30.89,1.25,1.98
B2026-0150,6,6.23,29.79,33.03,1.9,11.76
B2026-0150,12,6.25,29.74,29.98,2.12,20.95
B2026-0150,18,6.13,29.96,23.29,2.46,23.56
B2026-0150,24,6.11,29.5,24.67,2.75,26.19
B2026-0150,30,6.12,29.81,25.99,2.89,27.75
B2026-0150,36,6.04,30.05,23.28,3.13,34.19
B2026-0150,42,6.06,29.93,21.34,3.51,33.14
B2026-0150,48,5.82,29.87,18.8,3.64,32.55
B2026-0150,54,5.81,29.54,20.03,4.04,29.84
B2026-0150,60,5.83,29.94,15.39,4.41,35.47
B2026-0150,66,5.74,29.79,13.47,4.37,32.03
B2026-0150,72,5.73,29.71,13.35,4.94,35.2
B2026-0151,0,5.68,29.72,49.8,1.28,3.34
B2026-0151,6,5.7,29.41,43.26,1.59,12.39
B2026-0151,12,5.46,29.61,43.58,1.9,20.9
B2026-0151,18,5.6,29.53,41.11,1.87,25.53
B2026-0151,24,5.49,29.78,42.72,2.28,25.15
B2026-0151,30,5.45,29.74,38.27,2.6,28.51
B2026-0151,36,5.39,29.75,40.87,2.81,29.48
B2026-0151,42,5.36,29.82,38.53,3.15,31.07
B2026-0151,48,5.34,29.51,35.69,3.24,35.02
B2026-0151,54,5.25,29.86,30.82,3.48,32.19
B2026-0151,60,5.36,29.66,32.91,3.78,31.51
B2026-0151,66,5.14,29.82,31.35,3.74,33.36
B2026-0151,72,5.19,29.85,32.03,4.14,36.35
B2026-0152,0,6.56,30.67,39.93,0.61,5.27
B2026-0152,6,6.5,30.38,35.43,1.22,12.01
B2026-0152,12,6.58,30.37,34.9,1.35,18.97
B2026-0152,18,6.44,30.24,34.25,1.4,21.65
B2026-0152,24,6.37,30.37,33.72,1.69,26.38
B2026-0152,30,6.32,30.85,31.14,1.66,28.61
B2026-0152,36,6.3,30.45,32.26,1.89,32.42
B2026-0152,42,6.34,30.47,29.59,2.14,30.33
B2026-0152,48,6.38,30.36,26.55,2.03,31.07
B2026-0152,54,6.25,30.77,24.53,2.38,33.79
B2026-0152,60,6.21,30.77,27.13,2.47,34.69
B2026-0152,66,6.15,30.43,20.31,2.57,35.93
B2026-0152,72,6.14,30.4,21.44,2.97,31.88
B2026-0153,0,5.86,30.54,51.22,1.01,4.18
B2026-0153,6,5.9,29.86,49.39,1.32,10.32
B2026-0153,12,5.81,30.22,47.4,1.54,17.55
B2026-0153,18,5.67,30.13,47.59,1.83,23.49
B2026-0153,24,5.65,30.18,45.76,2.08,26.11
B2026-0153,30,5.52,30.14,41.74,2.13,28.53
B2026-0153,36,5.68,30.23,43.1,2.28,30.35
B2026-0153,42,5.48,30.17,37.44,2.83,32.61
B2026-0153,48,5.61,30.17,35.91,2.77,33.24
B2026-0153,54,5.62,30.3,35.62,3.09,33.41
B2026-0153,60,5.59,30.42,35.31,3.35,34.34
B2026-0153,66,5.46,30.18,31.51,3.68,34.24
B2026-0153,72,5.44,30.48,32.66,3.82,39.23
B2026-0154,0,5.97,30.06,45.81,1.72,2.06
B2026-0154,6,5.87,30.39,44.25,1.81,14.4
B2026-0154,12,5.83,30.0,40.43,2.19,19.47
B2026-0154,18,5.79,30.05,41.08,2.54,22.34
B2026-0154,24,5.75,30.04,39.3,2.74,30.0
B2026-0154,30,5.76,30.21,40.18,3.08,28.28
B2026-0154,36,5.84,30.22,37.35,3.35,31.32
B2026-0154,42,5.75,30.13,36.86,3.6,33.47
B2026-0154,48,5.61,30.17,35.17,3.91,31.62
B2026-0154,54,5.66,30.33,31.97,4.11,34.0
B2026-0154,60,5.58,29.98,31.29,4.53,30.37
B2026-0154,66,5.51,30.33,30.12,4.84,33.72
B2026-0154,72,5.39,29.95,29.56,5.12,36.18
B2026-0155,0,6.1,30.41,49.09,1.04,4.19
B2026-0155,6,6.14,30.54,50.03,1.26,11.41
B2026-0155,12,6.02,30.62,50.44,1.72,18.73
B2026-0155,18,6.02,30.39,46.33,1.77,22.58
B2026-0155,24,5.95,30.29,44.12,2.06,27.26
B2026-0155,30,5.92,30.16,44.39,2.18,29.21
B2026-0155,36,5.96,30.1,46.94,2.45,31.42
B2026-0155,42,5.81,30.46,40.76,2.63,31.13
B2026-0155,48,5.79,30.35,39.77,2.89,31.78
B2026-0155,54,5.72,30.22,38.77,3.2,34.65
B2026-0155,60,5.73,30.34,35.92,3.13,33.57
B2026-0155,66,5.66,30.13,33.54,3.57,32.51
B2026-0155,72,5.6,30.52,29.89,3.75,32.68
B2026-0156,0,5.56,30.4,53.43,0.91,6.03
B2026-0156,6,5.61,30.58,51.06,0.97,13.49
B2026-0156,12,5.57,30.69,54.38,1.27,23.03
B2026-0156,18,5.48,30.39,51.01,1.22,23.7
B2026-0156,24,5.33,30.35,48.84,1.6,28.5
B2026-0156,30,5.34,30.74,47.78,1.68,26.72
B2026-0156,36,5.32,30.59,46.24,1.82,31.15
B2026-0156,42,5.22,30.42,47.14,2.1,31.81
B2026-0156,48,5.36,30.24,40.79,2.35,33.71
B2026-0156,54,5.21,30.42,39.54,2.32,33.75
B2026-0156,60,5.19,30.26,40.1,2.39,32.42
B2026-0156,66,5.22,30.76,41.87,2.69,33.81
B2026-0156,72,5.1,30.49,35.56,2.93,31.38
B2026-0157,0,6.21,28.64,45.85,1.53,4.89
B2026-0157,6,6.28,28.33,43.22,1.74,10.48
B2026-0157,12,6.06,28.38,46.84,2.11,19.13
B2026-0157,18,6.05,28.62,46.54,2.34,26.18
B2026-0157,24,6.09,28.53,42.01,2.79,29.61
B2026-0157,30,6.05,28.61,38.78,3.14,27.71
B2026-0157,36,5.99,28.96,33.03,3.36,31.21
B2026-0157,42,5.92,28.49,36.64,3.6,32.33
B2026-0157,48,5.87,28.83,34.37,3.99,31.84
B2026-0157,54,5.91,28.63,34.13,4.1,32.33
B2026-0157,60,5.91,28.41,32.99,4.4,35.41
B2026-0157,66,5.73,28.38,28.7,4.74,34.81
B2026-0157,72,5.73,28.36,28.48,4.97,35.4
B2026-0158,0,6.54,29.74,55.6,1.53,3.76
B2026-0158,6,6.39,29.83,51.21,1.55,11.89
B2026-0158,12,6.36,29.71,53.69,1.96,20.47
B2026-0158,18,6.38,29.71,45.59,2.12,20.18
B2026-0158,24,6.21,29.72,49.25,2.27,29.13
B2026-0158,30,6.31,29.71,49.91,2.77,29.91
B2026-0158,36,6.19,29.66,42.66,2.83,29.23
B2026-0158,42,6.18,29.78,40.01,2.93,31.23
B2026-0158,48,6.15,29.67,41.85,3.25,30.67
B2026-0158,54,6.08,29.71,40.19,3.6,34.08
B2026-0158,60,6.11,29.65,36.07,3.99,34.47
B2026-0158,66,5.97,29.79,39.78,4.3,34.58
B2026-0158,72,6.05,29.56,35.98,4.3,34.95
B2026-0159,0,6.35,28.51,25.37,1.02,6.47
B2026-0159,6,6.24,28.54,24.97,1.43,11.31
B2026-0159,12,6.19,28.3,23.36,1.55,14.2
B2026-0159,18,6.11,28.34,22.07,1.85,26.25
B2026-0159,24,6.1,28.52,21.9,2.18,27.51
B2026-0159,30,6.06,28.58,14.48,2.55,31.53
B2026-0159,36,6.02,28.26,20.17,2.44,31.61
B2026-0159,42,5.88,28.81,13.28,2.75,28.81
B2026-0159,48,5.92,28.41,16.85,2.92,34.55
B2026-0159,54,5.82,28.43,12.47,3.25,34.01
B2026-0159,60,5.88,28.51,12.73,3.31,34.48
B2026-0159,66,5.89,28.22,10.81,3.72,36.4
B2026-0159,72,5.8,28.49,9.11,3.78,33.85
B2026-0160,0,5.51,30.25,59.62,1.01,4.41
B2026-0160,6,5.62,30.17,55.29,0.96,13.38
B2026-0160,12,5.46,30.12,57.46,1.68,21.7
B2026-0160,18,5.54,30.29,56.73,1.93,23.53
B2026-0160,24,5.35,30.4,52.52,2.12,26.0
B2026-0160,30,5.44,29.66,49.99,2.17,29.84
B2026-0160,36,5.41,29.86,50.54,2.54,34.32
B2026-0160,42,5.34,29.96,45.1,2.83,33.1
B2026-0160,48,5.26,29.78,44.19,2.9,33.38
B2026-0160,54,5.1,30.12,41.34,3.2,33.77
B2026-0160,60,5.15,30.17,43.6,3.41,34.01
B2026-0160,66,5.14,29.98,41.83,3.67,33.45
B2026-0160,72,5.13,29.89,35.59,3.7,34.99
B2026-0161,0,6.1,29.77,49.61,1.43,2.67
B2026-0161,6,5.98,29.96,48.72,1.71,11.47
B2026-0161,12,6.03,30.13,43.49,1.94,21.09
B2026-0161,18,5.91,30.17,47.49,2.17,23.08
B2026-0161,24,6.0,29.97,37.96,2.45,27.53
B2026-0161,30,5.94,29.86,40.54,2.85,29.05
B2026-0161,36,5.76,30.18,39.07,3.13,28.71
B2026-0161,42,5.81,30.07,37.74,3.12,28.41
B2026-0161,48,5.86,30.03,38.67,3.64,33.74
B2026-0161,54,5.71,30.07,37.62,3.81,36.31
B2026-0161,60,5.6,29.76,35.14,3.96,36.96
B2026-0161,66,5.73,30.23,33.35,4.22,31.72
B2026-0161,72,5.7,29.77,33.17,4.67,34.32
B2026-0162,0,6.44,30.8,54.22,1.26,6.09
B2026-0162,6,6.38,30.64,55.65,1.05,13.45
B2026-0162,12,6.37,30.61,53.4,1.5,18.27
B2026-0162,18,6.34,30.57,51.61,1.47,24.02
B2026-0162,24,6.25,30.65,49.07,1.9,28.41
B2026-0162,30,6.23,30.8,47.29,2.06,28.69
B2026-0162,36,6.17,30.71,47.35,2.34,31.37
B2026-0162,42,6.03,30.87,42.38,2.41,34.46
B2026-0162,48,6.12,30.88,42.87,2.73,32.43
B2026-0162,54,6.08,30.9,40.24,3.2,33.16
B2026-0162,60,5.91,30.47,35.41,3.1,33.55
B2026-0162,66,5.99,30.73,38.89,3.37,34.23
B2026-0162,72,5.88,30.95,32.56,3.6,34.16
B2026-0163,0,5.54,30.83,36.26,1.38,6.09
B2026-0163,6,5.45,31.13,35.2,1.68,12.57
B2026-0163,12,5.44,30.74,33.37,1.95,19.57
B2026-0163,18,5.39,30.89,31.68,2.41,24.23
B2026-0163,24,5.48,30.84,31.83,2.4,28.93
B2026-0163,30,5.24,30.9,27.8,2.81,28.79
B2026-0163,36,5.2,30.79,29.82,3.08,28.87
B2026-0163,42,5.27,30.7,26.64,3.36,32.92
B2026-0163,48,5.27,30.71,24.8,3.71,31.88
B2026-0163,54,5.07,30.79,22.64,3.66,34.28
B2026-0163,60,4.99,31.03,21.44,4.33,34.9
B2026-0163,66,5.02,30.71,19.3,4.36,35.99
B2026-0163,72,4.94,31.13,19.79,4.61,37.13
B2026-0164,0,5.73,30.17,36.8,1.52,1.53
B2026-0164,6,5.65,30.05,40.42,1.66,12.97
B2026-0164,12,5.75,30.12,37.03,1.99,18.71
B2026-0164,18,5.6,30.21,36.08,2.05,25.1
B2026-0164,24,5.6,30.16,33.77,2.32,29.25
B2026-0164,30,5.59,30.1,32.49,2.65,30.31
B2026-0164,36,5.57,29.92,24.87,2.93,31.46
B2026-0164,42,5.48,30.25,32.13,3.19,33.44
B2026-0164,48,5.39,30.03,21.91,3.34,34.51
B2026-0164,54,5.47,30.24,24.8,3.45,32.22
B2026-0164,60,5.35,30.0,27.03,3.6,33.6
B2026-0164,66,5.2,30.19,21.93,3.96,32.81
B2026-0164,72,5.27,30.06,20.08,4.49,34.69
B2026-0165,0,6.49,29.58,45.6,1.23,7.76
B2026-0165,6,6.4,29.7,43.93,1.14,11.6
B2026-0165,12,6.52,29.74,47.28,1.67,15.55
B2026-0165,18,6.27,29.71,42.89,1.94,22.8
B2026-0165,24,6.35,29.57,41.45,2.2,26.28
B2026-0165,30,6.2,29.59,43.0,2.55,30.68
B2026-0165,36,6.16,29.43,39.86,2.76,31.01
B2026-0165,42,6.14,29.43,37.82,3.03,30.98
B2026-0165,48,6.08,29.84,33.22,3.34,32.68
B2026-0165,54,6.06,29.66,32.14,3.49,34.79
B2026-0165,60,6.11,29.68,30.42,3.59,33.26
B2026-0165,66,6.09,29.8,29.57,3.72,36.52
B2026-0165,72,5.96,29.63,31.27,4.0,33.95
B2026-0166,0,6.23,30.14,46.5,1.13,3.14
B2026-0166,6,6.16,30.25,42.6,1.48,12.55
B2026-0166,12,6.16,30.69,42.39,1.75,20.16
B2026-0166,18,6.12,30.38,41.16,1.94,22.72
B2026-0166,24,6.05,30.34,35.59,2.33,30.07
B2026-0166,30,6.05,30.44,40.11,2.22,30.54
B2026-0166,36,5.97,30.68,35.99,2.72,30.54
B2026-0166,42,6.08,30.26,37.11,2.92,32.6
B2026-0166,48,5.92,30.24,28.02,3.2,32.11
B2026-0166,54,5.94,30.39,34.01,3.4,29.76
B2026-0166,60,5.86,30.29,32.36,3.61,34.8
B2026-0166,66,5.77,30.2,27.58,3.55,33.32
B2026-0166,72,5.66,30.12,27.1,4.07,34.38
B2026-0167,0,6.26,29.49,47.63,1.06,3.91
B2026-0167,6,6.16,29.74,45.55,1.42,14.12
B2026-0167,12,6.23,29.75,40.96,1.54,20.74
B2026-0167,18,6.2,29.91,46.92,1.85,23.22
B2026-0167,24,6.07,29.56,41.11,1.97,25.45
B2026-0167,30,6.11,29.88,42.21,2.22,30.67
B2026-0167,36,6.06,29.62,38.56,2.45,31.78
B2026-0167,42,6.01,29.52,35.63,2.73,32.64
B2026-0167,48,5.94,29.46,38.1,3.04,29.86
B2026-0167,54,6.0,29.6,34.39,3.28,35.94
B2026-0167,60,5.94,29.67,29.68,3.12,35.21
B2026-0167,66,5.92,29.51,30.31,3.51,33.33
B2026-0167,72,5.86,29.66,28.81,4.12,32.28
B2026-0168,0,6.83,29.84,54.36,1.41,5.27
B2026-0168,6,6.74,29.94,52.53,1.53,13.74
B2026-0168,12,6.73,30.06,51.37,1.9,20.85
B2026-0168,18,6.74,30.21,50.67,2.35,22.97
B2026-0168,24,6.62,30.18,50.03,2.42,25.26
B2026-0168,30,6.58,29.9,50.21,2.81,28.0
B2026-0168,36,6.49,29.88,44.06,2.96,32.48
B2026-0168,42,6.45,30.34,41.71,3.08,34.53
B2026-0168,48,6.55,29.97,42.77,3.56,33.05
B2026-0168,54,6.35,29.63,38.74,3.99,36.24
B2026-0168,60,6.37,29.86,39.4,4.09,34.8
B2026-0168,66,6.19,30.47,39.52,4.28,33.13
B2026-0168,72,6.36,30.07,35.86,4.63,34.26
B2026-0169,0,6.34,30.8,32.56,1.06,6.09
B2026-0169,6,6.18,30.57,30.35,1.13,12.19
B2026-0169,12,6.31,30.67,25.05,1.36,19.17
B2026-0169,18,6.19,30.77,28.08,1.59,21.81
B2026-0169,24,6.12,30.6,24.97,1.89,27.43
B2026-0169,30,6.16,30.63,26.98,2.08,29.31
B2026-0169,36,6.1,30.59,18.16,2.12,31.93
B2026-0169,42,6.03,30.67,19.1,2.15,34.13
B2026-0169,48,5.97,30.63,17.87,2.73,34.17
B2026-0169,54,5.88,30.86,17.34,2.7,33.02
B2026-0169,60,5.85,30.49,17.6,2.95,34.82
B2026-0169,66,5.87,30.77,10.37,3.06,35.06
B2026-0169,72,5.74,30.75,10.1,3.36,36.85
B2026-0170,0,6.43,29.33,55.49,1.1,8.2
B2026-0170,6,6.37,29.4,53.08,1.24,12.51
B2026-0170,12,6.36,29.48,51.37,0.91,17.66
B2026-0170,18,6.25,29.56,46.44,1.32,24.09
B2026-0170,24,6.21,29.62,48.92,1.51,28.87
B2026-0170,30,6.11,29.9,48.1,1.67,28.71
B2026-0170,36,6.14,29.7,46.48,1.72,31.46
B2026-0170,42,5.96,29.58,45.62,1.88,29.6
B2026-0170,48,6.06,29.82,41.77,1.99,30.32
B2026-0170,54,6.01,29.43,39.81,2.41,32.72
B2026-0170,60,6.07,29.7,40.38,2.66,33.67
B2026-0170,66,5.91,29.56,37.74,2.64,36.8
B2026-0170,72,5.84,29.64,34.33,2.83,37.69
B2026-0171,0,7.07,30.52,44.74,1.31,3.85
B2026-0171,6,6.99,30.5,45.7,1.68,12.82
B2026-0171,12,7.02,30.51,41.89,1.7,16.75
B2026-0171,18,6.93,30.7,40.47,2.01,23.05
B2026-0171,24,7.01,30.42,40.29,2.3,26.93
B2026-0171,30,6.91,30.57,39.74,2.55,31.76
B2026-0171,36,6.85,30.31,37.84,2.85,30.85
B2026-0171,42,6.79,30.25,31.09,3.25,31.12
B2026-0171,48,6.82,30.32,31.31,3.38,32.69
B2026-0171,54,6.76,30.56,31.4,3.47,31.67
B2026-0171,60,6.77,30.8,28.16,3.67,33.37
B2026-0171,66,6.66,30.54,29.65,4.04,34.04
B2026-0171,72,6.74,30.49,30.35,4.47,35.19
B2026-0172,0,5.96,30.48,43.34,1.31,2.41
B2026-0172,6,6.08,30.62,45.13,1.52,11.2
B2026-0172,12,6.01,30.74,41.34,1.87,18.73
B2026-0172,18,5.92,30.57,39.41,2.11,24.36
B2026-0172,24,5.93,30.56,36.33,2.2,26.76
B2026-0172,30,5.87,30.4,36.94,2.67,30.93
B2026-0172,36,5.91,30.28,32.54,2.78,30.93
B2026-0172,42,5.77,30.39,32.68,3.12,30.0
B2026-0172,48,5.88,30.48,33.8,3.24,33.71
B2026-0172,54,5.71,30.6,29.72,3.75,31.22
B2026-0172,60,5.72,30.49,26.5,4.04,36.67
B2026-0172,66,5.49,30.5,28.36,4.11,36.48
B2026-0172,72,5.65,30.51,29.92,4.42,33.91
B2026-0173,0,5.84,29.52,32.65,1.23,3.64
B2026-0173,6,5.85,29.3,30.01,1.67,12.18
B2026-0173,12,5.91,29.38,33.6,1.85,21.06
B2026-0173,18,5.78,29.37,31.67,2.31,23.19
B2026-0173,24,5.75,29.33,28.91,2.26,23.59
B2026-0173,30,5.65,29.48,24.78,2.61,29.42
B2026-0173,36,5.61,29.47,26.09,2.8,32.33
B2026-0173,42,5.59,29.08,22.39,2.78,32.98
B2026-0173,48,5.59,29.47,22.54,3.35,30.48
B2026-0173,54,5.49,29.12,19.26,3.67,35.1
B2026-0173,60,5.49,29.3,16.41,3.75,35.56
B2026-0173,66,5.44,29.09,17.02,3.74,35.41
B2026-0173,72,5.33,29.15,16.87,4.28,34.78
B2026-0174,0,6.43,30.78,48.73,1.33,3.57
B2026-0174,6,6.33,30.72,49.2,1.34,12.88
B2026-0174,12,6.21,30.53,46.41,1.8,19.08
B2026-0174,18,6.09,30.64,44.34,2.02,23.72
B2026-0174,24,6.11,30.61,43.83,2.35,27.25
B2026-0174,30,6.18,30.85,45.1,2.64,31.49
B2026-0174,36,5.98,30.78,42.96,2.89,29.65
B2026-0174,42,6.05,30.69,42.64,2.79,30.84
B2026-0174,48,5.86,30.7,41.89,3.2,33.0
B2026-0174,54,5.96,30.66,36.51,3.49,32.19
B2026-0174,60,5.88,30.79,36.05,3.84,34.4
B2026-0174,66,5.86,30.79,31.42,3.85,34.02
B2026-0174,72,5.72,30.74,33.12,4.08,35.08
B2026-0175,0,6.27,30.34,30.8,1.01,2.08
B2026-0175,6,6.27,30.53,26.44,1.58,11.62
B2026-0175,12,6.19,30.73,25.4,1.65,18.2
B2026-0175,18,6.25,30.61,22.32,1.7,23.76
B2026-0175,24,6.24,30.32,18.75,1.91,26.21
B2026-0175,30,6.09,30.63,19.69,2.21,29.56
B2026-0175,36,6.09,30.24,19.33,2.32,30.14
B2026-0175,42,6.03,30.48,16.58,2.65,31.56
B2026-0175,48,6.06,30.6,14.62,2.93,31.79
B2026-0175,54,6.06,30.33,12.66,3.03,32.97
B2026-0175,60,5.86,30.37,13.23,3.13,35.37
B2026-0175,66,5.88,30.43,10.34,3.47,32.56
B2026-0175,72,5.74,30.59,8.89,3.74,33.84
B2026-0176,0,5.95,30.02,47.69,1.35,4.78
B2026-0176,6,5.93,30.34,47.59,1.52,12.99
B2026-0176,12,5.9,29.79,49.23,1.88,15.9
B2026-0176,18,5.83,29.95,45.53,1.95,24.22
B2026-0176,24,5.9,30.11,40.54,2.4,26.54
B2026-0176,30,5.69,30.12,45.03,2.54,26.68
B2026-0176,36,5.59,29.97,41.38,2.81,29.78
B2026-0176,42,5.71,30.14,40.5,3.23,31.01
B2026-0176,48,5.57,29.99,37.34,3.14,32.03
B2026-0176,54,5.66,30.19,37.99,3.66,35.63
B2026-0176,60,5.49,29.93,37.6,3.9,32.89
B2026-0176,66,5.54,30.01,32.1,4.05,34.69
B2026-0176,72,5.48,30.3,31.61,4.37,36.59
B2026-0177,0,5.85,29.49,30.94,1.08,2.42
B2026-0177,6,5.75,29.39,35.69,1.22,11.05
B2026-0177,12,5.72,29.54,25.72,1.42,18.69
B2026-0177,18,5.75,29.75,28.48,1.84,22.34
B2026-0177,24,5.66,29.7,30.24,2.08,25.57
B2026-0177,30,5.58,29.67,25.35,2.09,28.6
B2026-0177,36,5.52,29.19,25.03,2.59,33.59
B2026-0177,42,5.42,29.58,24.91,2.82,30.48
B2026-0177,48,5.39,29.48,21.58,2.91,34.78
B2026-0177,54,5.39,29.18,19.37,3.26,33.97
B2026-0177,60,5.39,29.69,16.0,3.38,36.21
B2026-0177,66,5.21,29.46,19.1,3.8,35.2
B2026-0177,72,5.33,29.31,17.81,3.74,32.72
B2026-0178,0,6.98,29.32,46.84,1.15,6.67
B2026-0178,6,6.94,29.31,46.2,1.21,14.16
B2026-0178,12,6.88,29.46,39.7,1.24,16.83
B2026-0178,18,6.94,29.23,43.14,1.65,23.24
B2026-0178,24,6.79,29.65,41.26,1.98,28.77
B2026-0178,30,6.71,29.56,40.31,2.25,28.91
B2026-0178,36,6.68,29.27,35.31,2.24,31.35
B2026-0178,42,6.65,29.46,36.32,2.43,30.36
B2026-0178,48,6.61,29.28,32.0,2.97,30.55
B2026-0178,54,6.7,29.44,34.15,3.08,34.38
B2026-0178,60,6.64,29.24,30.28,3.08,31.35
B2026-0178,66,6.46,29.68,28.66,3.63,37.34
B2026-0178,72,6.64,29.68,32.14,3.64,34.77
B2026-0179,0,6.28,29.62,45.35,1.22,3.3
B2026-0179,6,6.14,29.68,42.08,1.27,12.57
B2026-0179,12,6.16,29.79,41.55,1.7,19.39
B2026-0179,18,6.13,29.65,37.71,1.82,24.87
B2026-0179,24,6.16,29.42,35.68,1.93,28.91
B2026-0179,30,6.07,29.51,34.22,2.12,28.02
B2026-0179,36,6.07,29.78,33.45,2.51,31.78
B2026-0179,42,5.9,29.61,34.64,2.66,29.43
B2026-0179,48,5.94,29.72,35.54,2.77,32.03
B2026-0179,54,5.88,29.67,30.99,3.14,31.77
B2026-0179,60,5.87,29.51,28.93,3.49,31.8
B2026-0179,66,5.79,29.43,27.94,3.62,34.46
B2026-0179,72,5.76,29.82,26.71,3.81,35.51
B2026-0180,0,5.72,30.37,53.2,1.48,6.21
B2026-0180,6,5.83,30.66,50.96,1.75,13.93
B2026-0180,12,5.79,30.43,51.97,2.16,18.63
B2026-0180,18,5.78,30.48,53.84,2.46,23.01
B2026-0180,24,5.7,30.6,50.4,2.55,23.91
B2026-0180,30,5.64,30.41,47.37,3.14,28.88
B2026-0180,36,5.73,30.5,46.01,3.52,28.33
B2026-0180,42,5.6,30.4,45.48,3.48,31.6
B2026-0180,48,5.58,30.45,45.06,4.08,32.75
B2026-0180,54,5.56,30.35,41.4,4.38,33.39
B2026-0180,60,5.5,30.52,40.95,4.73,37.39
B2026-0180,66,5.48,30.31,38.96,4.94,35.13
B2026-0180,72,5.48,30.13,39.38,5.41,35.28
B2026-0181,0,6.51,29.29,44.58,0.94,4.95
B2026-0181,6,6.47,29.43,44.78,1.11,11.25
B2026-0181,12,6.44,29.61,41.35,1.36,17.71
B2026-0181,18,6.34,29.23,42.58,1.54,23.45
B2026-0181,24,6.37,29.58,38.17,1.52,27.93
B2026-0181,30,6.21,29.35,40.94,1.61,30.43
B2026-0181,36,6.25,29.31,35.51,2.04,31.64
B2026-0181,42,6.22,29.57,32.91,1.87,34.65
B2026-0181,48,6.15,29.47,30.38,2.21,31.2
B2026-0181,54,6.1,29.23,28.57,2.29,30.02
B2026-0181,60,5.98,29.45,29.43,2.36,34.72
B2026-0181,66,5.96,29.44,26.92,2.61,34.07
B2026-0181,72,6.12,29.22,26.02,2.91,32.99
B2026-0182,0,6.02,30.22,41.97,1.25,3.65
B2026-0182,6,6.12,30.19,38.69,1.35,13.27
B2026-0182,12,6.04,30.43,34.99,1.75,17.17
B2026-0182,18,5.97,30.53,35.06,1.86,22.58
B2026-0182,24,5.85,30.11,35.46,2.09,27.3
B2026-0182,30,5.91,30.23,32.98,2.4,30.41
B2026-0182,36,5.82,30.25,29.94,2.84,31.62
B2026-0182,42,5.66,30.34,25.87,2.96,31.83
B2026-0182,48,5.76,30.38,29.22,3.15,31.63
B2026-0182,54,5.73,30.07,25.24,3.65,31.2
B2026-0182,60,5.67,30.22,28.62,3.67,33.17
B2026-0182,66,5.59,30.31,23.57,3.87,35.69
B2026-0182,72,5.63,30.43,20.79,4.26,34.11
B2026-0183,0,6.15,29.15,41.96,0.81,3.23
B2026-0183,6,6.03,29.25,38.99,1.05,13.06
B2026-0183,12,6.0,28.87,36.93,1.03,19.13
B2026-0183,18,5.88,29.06,34.81,1.31,21.91
B2026-0183,24,5.94,29.2,35.91,1.49,23.77
B2026-0183,30,5.83,29.02,34.53,1.77,29.63
B2026-0183,36,5.89,29.05,31.23,1.98,31.05
B2026-0183,42,5.76,29.41,32.02,2.0,30.96
B2026-0183,48,5.81,29.16,29.33,2.27,34.17
B2026-0183,54,5.72,29.26,28.6,2.42,32.36
B2026-0183,60,5.75,28.95,26.73,2.36,33.75
B2026-0183,66,5.57,29.15,25.21,2.57,34.16
B2026-0183,72,5.65,28.93,21.24,2.95,34.55
B2026-0184,0,6.36,30.01,54.59,1.11,3.04
B2026-0184,6,6.28,30.06,51.2,1.25,10.74
B2026-0184,12,6.35,29.76,52.36,1.42,18.69
B2026-0184,18,6.27,29.9,51.22,1.65,23.1
B2026-0184,24,6.19,29.71,51.16,2.17,26.04
B2026-0184,30,6.18,29.84,50.56,2.53,27.5
B2026-0184,36,6.14,30.05,44.74,2.44,29.93
B2026-0184,42,6.05,29.8,44.7,2.83,29.15
B2026-0184,48,5.96,29.96,44.62,2.82,33.69
B2026-0184,54,6.05,29.85,39.92,3.28,36.04
B2026-0184,60,5.88,29.86,42.53,3.41,31.27
B2026-0184,66,5.92,29.71,36.22,3.41,35.99
B2026-0184,72,5.8,29.91,38.34,3.86,34.88
B2026-0185,0,5.72,30.1,48.77,1.0,3.84
B2026-0185,6,5.65,30.14,50.91,1.36,11.57
B2026-0185,12,5.48,29.96,44.43,1.44,19.45
B2026-0185,18,5.58,30.36,46.51,1.97,24.67
B2026-0185,24,5.6,30.02,41.81,1.9,26.81
B2026-0185,30,5.45,29.93,43.21,2.04,26.84
B2026-0185,36,5.38,30.04,38.81,2.34,31.71
B2026-0185,42,5.44,29.98,36.6,2.51,32.98
B2026-0185,48,5.42,30.13,40.03,3.0,32.12
B2026-0185,54,5.41,30.04,38.08,3.09,30.49
B2026-0185,60,5.22,29.89,30.89,3.32,37.0
B2026-0185,66,5.22,30.2,35.84,3.45,34.17
B2026-0185,72,5.18,30.16,33.04,3.69,35.07
B2026-0186,0,6.27,31.47,44.71,0.63,4.93
B2026-0186,6,6.28,31.54,40.12,1.19,12.67
B2026-0186,12,6.12,31.83,38.2,0.86,19.86
B2026-0186,18,6.09,31.76,36.54,1.32,23.87
B2026-0186,24,5.95,31.77,36.0,1.56,27.42
B2026-0186,30,6.11,31.61,33.42,1.54,28.6
B2026-0186,36,6.1,31.69,30.97,1.59,32.25
B2026-0186,42,5.97,31.68,33.95,1.73,28.64
B2026-0186,48,5.89,31.75,29.75,1.8,34.37
B2026-0186,54,5.91,31.77,29.5,1.98,33.91
B2026-0186,60,5.91,31.88,28.52,2.35,31.29
B2026-0186,66,5.81,31.57,28.06,2.58,32.78
B2026-0186,72,5.77,31.75,25.72,2.39,31.12
B2026-0187,0,6.82,28.66,44.43,1.34,5.85
B2026-0187,6,6.74,29.06,43.83,1.36,14.16
B2026-0187,12,6.75,28.95,41.22,1.73,20.25
B2026-0187,18,6.67,29.07,38.12,1.88,23.85
B2026-0187,24,6.6,29.16,38.96,2.14,27.15
B2026-0187,30,6.57,28.8,35.0,2.46,29.93
B2026-0187,36,6.58,29.17,32.65,2.67,33.27
B2026-0187,42,6.41,28.97,30.88,2.93,31.34
B2026-0187,48,6.52,29.07,28.83,3.12,32.85
B2026-0187,54,6.49,29.4,31.26,3.31,33.32
B2026-0187,60,6.41,28.96,29.22,3.4,34.72
B2026-0187,66,6.33,29.02,29.62,3.76,34.62
B2026-0187,72,6.37,29.06,21.88,4.32,34.12
B2026-0188,0,6.28,30.98,32.7,0.97,4.25
B2026-0188,6,6.24,31.13,32.91,1.52,12.47
B2026-0188,12,6.18,30.81,34.68,1.62,18.05
B2026-0188,18,6.29,31.23,26.01,1.66,23.4
B2026-0188,24,6.08,31.02,28.55,1.8,27.27
B2026-0188,30,6.17,31.09,25.39,2.1,30.39
B2026-0188,36,5.99,31.07,24.01,2.53,29.93
B2026-0188,42,5.99,30.84,23.25,2.56,30.7
B2026-0188,48,5.93,31.11,18.59,2.7,34.19
B2026-0188,54,5.93,31.17,18.49,3.03,33.69
B2026-0188,60,5.98,31.23,19.94,3.17,32.41
B2026-0188,66,5.9,31.24,18.37,3.46,35.3
B2026-0188,72,5.86,31.05,14.85,3.68,33.25
B2026-0189,0,5.98,30.0,45.91,0.8,3.94
B2026-0189,6,6.02,30.29,50.17,1.11,11.65
B2026-0189,12,5.85,30.24,48.71,1.27,19.81
B2026-0189,18,5.77,30.16,45.47,1.39,25.74
B2026-0189,24,5.91,30.02,40.72,1.45,25.64
B2026-0189,30,5.9,29.85,42.32,1.57,28.83
B2026-0189,36,5.71,29.8,38.54,1.62,32.47
B2026-0189,42,5.68,30.17,35.44,1.89,28.64
B2026-0189,48,5.81,30.08,30.85,1.9,31.53
B2026-0189,54,5.6,30.05,33.53,2.04,31.72
B2026-0189,60,5.65,30.29,32.77,2.28,32.2
B2026-0189,66,5.56,30.14,31.25,2.48,34.67
B2026-0189,72,5.46,30.28,29.69,2.78,35.06
B2026-0190,0,6.09,30.46,32.38,1.26,2.95
B2026-0190,6,5.96,30.31,29.16,1.71,12.85
B2026-0190,12,5.94,30.14,30.75,1.93,20.88
B2026-0190,18,5.91,30.28,26.84,2.34,23.16
B2026-0190,24,5.85,30.23,21.86,2.23,27.44
B2026-0190,30,5.81,30.35,26.3,2.69,27.98
B2026-0190,36,5.76,30.31,21.27,2.95,30.92
B2026-0190,42,5.64,30.26,23.67,3.32,32.28
B2026-0190,48,5.64,30.07,22.69,3.54,33.97
B2026-0190,54,5.46,30.29,17.42,3.75,32.78
B2026-0190,60,5.54,30.38,14.54,3.86,34.18
B2026-0190,66,5.59,30.41,16.66,4.19,36.45
B2026-0190,72,5.37,30.59,17.22,4.5,35.68
B2026-0191,0,6.0,30.05,50.79,1.46,4.83
B2026-0191,6,5.99,30.38,50.63,1.57,15.25
B2026-0191,12,5.85,30.0,49.39,2.07,16.92
B2026-0191,18,5.84,29.86,48.51,2.45,21.76
B2026-0191,24,5.9,30.22,44.36,2.35,25.22
B2026-0191,30,5.76,30.31,43.86,2.74,29.37
B2026-0191,36,5.68,30.16,40.56,3.04,31.37
B2026-0191,42,5.82,30.41,38.85,3.35,32.77
B2026-0191,48,5.74,29.76,39.52,3.64,29.96
B2026-0191,54,5.55,30.0,37.88,4.1,33.99
B2026-0191,60,5.65,30.09,34.77,4.24,34.94
B2026-0191,66,5.61,30.06,32.74,4.58,34.92
B2026-0191,72,5.58,29.98,31.68,4.91,33.82
B2026-0192,0,6.03,30.5,44.29,1.72,3.08
B2026-0192,6,6.07,30.29,45.99,1.73,14.07
B2026-0192,12,5.96,30.23,47.49,2.04,18.07
B2026-0192,18,5.85,30.59,41.18,2.57,24.19
B2026-0192,24,5.9,30.34,45.13,2.34,27.15
B2026-0192,30,5.84,30.28,39.41,2.85,29.43
B2026-0192,36,5.81,30.11,38.29,3.25,29.99
B2026-0192,42,5.88,30.51,37.63,3.55,32.04
B2026-0192,48,5.8,30.55,35.98,3.66,32.79
B2026-0192,54,5.72,30.44,32.62,3.94,35.83
B2026-0192,60,5.58,30.17,28.54,4.18,35.77
B2026-0192,66,5.68,30.3,30.6,4.57,32.42
B2026-0192,72,5.69,30.52,28.74,4.75,34.09
B2026-0193,0,5.98,29.91,65.72,1.22,1.82
B2026-0193,6,6.1,29.93,64.43,1.45,10.44
B2026-0193,12,5.93,29.84,63.35,1.85,20.23
B2026-0193,18,5.95,30.16,61.13,2.11,24.34
B2026-0193,24,5.74,29.87,57.03,2.25,25.64
B2026-0193,30,5.85,30.04,59.59,2.65,26.63
B2026-0193,36,5.7,30.33,57.61,2.73,30.85
B2026-0193,42,5.72,29.6,52.47,2.92,30.92
B2026-0193,48,5.65,30.28,51.93,3.21,33.21
B2026-0193,54,5.68,29.82,53.34,3.47,31.53
B2026-0193,60,5.59,29.87,48.83,3.72,34.85
B2026-0193,66,5.59,29.94,47.85,3.64,35.37
B2026-0193,72,5.55,29.74,46.66,4.21,36.19
B2026-0194,0,6.5,31.07,39.09,1.16,4.62
B2026-0194,6,6.39,31.18,32.4,1.53,12.81
B2026-0194,12,6.45,30.9,34.21,1.66,19.73
B2026-0194,18,6.28,31.11,28.76,1.8,21.25
B2026-0194,24,6.35,31.08,31.78,2.29,26.35
B2026-0194,30,6.3,31.03,29.11,2.5,32.27
B2026-0194,36,6.19,31.14,28.34,2.61,31.18
B2026-0194,42,6.16,30.48,29.19,2.71,31.63
B2026-0194,48,6.12,30.9,25.01,3.02,31.77
B2026-0194,54,6.1,31.01,24.8,3.09,32.25
B2026-0194,60,6.1,30.92,19.56,3.41,33.74
B2026-0194,66,6.01,30.99,17.73,3.8,36.2
B2026-0194,72,5.86,30.78,20.2,4.13,31.24
B2026-0195,0,5.59,29.93,43.45,1.64,3.73
B2026-0195,6,5.52,29.57,45.6,1.82,15.37
B2026-0195,12,5.55,29.68,48.23,2.16,19.89
B2026-0195,18,5.36,29.45,37.54,2.16,25.66
B2026-0195,24,5.41,29.59,38.57,2.52,28.03
B2026-0195,30,5.28,29.73,37.86,2.72,31.53
B2026-0195,36,5.28,29.53,37.38,3.1,31.42
B2026-0195,42,5.18,29.8,38.44,3.22,32.53
B2026-0195,48,5.16,30.08,34.99,3.68,31.0
B2026-0195,54,5.11,29.79,28.2,3.76,33.47
B2026-0195,60,5.13,29.74,28.47,4.31,32.6
B2026-0195,66,5.12,29.71,28.96,4.62,33.52
B2026-0195,72,5.0,29.43,22.14,4.73,34.27
B2026-0196,0,6.39,30.66,63.43,1.62,2.11
B2026-0196,6,6.38,30.85,57.55,1.71,12.28
B2026-0196,12,6.43,30.97,55.75,2.15,19.07
B2026-0196,18,6.27,30.75,53.11,2.52,25.92
B2026-0196,24,6.26,30.7,56.16,2.81,25.16
B2026-0196,30,6.23,30.78,50.93,3.0,28.09
B2026-0196,36,6.17,30.78,47.91,3.0,32.18
B2026-0196,42,6.12,31.11,53.25,3.47,35.5
B2026-0196,48,6.17,30.7,42.56,3.9,32.89
B2026-0196,54,6.1,30.76,43.85,4.06,34.52
B2026-0196,60,6.01,30.74,41.51,4.41,32.23
B2026-0196,66,6.05,30.68,42.38,4.95,33.75
B2026-0196,72,5.93,30.88,37.82,5.12,35.92
B2026-0197,0,6.05,29.04,55.01,1.26,5.69
B2026-0197,6,6.04,29.61,51.54,1.86,12.39
B2026-0197,12,6.04,29.59,53.38,1.89,21.19
B2026-0197,18,5.93,29.77,51.14,2.21,24.49
B2026-0197,24,5.94,29.7,49.47,2.26,28.04
B2026-0197,30,5.72,29.55,47.38,2.58,29.7
B2026-0197,36,5.9,29.5,47.56,3.3,32.1
B2026-0197,42,5.69,29.58,45.41,3.46,33.81
B2026-0197,48,5.52,29.42,42.72,3.43,27.3
B2026-0197,54,5.6,29.55,40.23,3.7,33.52
B2026-0197,60,5.62,29.48,42.44,4.1,32.59
B2026-0197,66,5.49,29.52,40.34,4.26,35.1
B2026-0197,72,5.52,29.85,37.31,4.54,35.54
B2026-0198,0,6.33,29.9,38.1,1.07,4.1
B2026-0198,6,6.15,30.0,37.57,1.02,12.26
B2026-0198,12,6.28,30.14,39.16,1.43,19.98
B2026-0198,18,6.16,29.79,33.87,1.51,25.7
B2026-0198,24,6.18,29.8,34.2,1.73,26.6
B2026-0198,30,6.04,30.17,32.48,2.0,29.48
B2026-0198,36,5.97,29.97,33.05,2.34,29.08
B2026-0198,42,5.9,29.97,31.57,2.4,33.01
B2026-0198,48,5.87,29.87,23.37,2.53,29.6
B2026-0198,54,5.99,30.19,26.46,2.56,34.02
B2026-0198,60,5.98,30.03,26.97,2.87,32.59
B2026-0198,66,5.82,29.67,27.54,3.14,35.51
B2026-0198,72,5.75,29.73,24.28,3.18,34.96
B2026-0199,0,5.78,29.26,46.22,1.21,2.57
B2026-0199,6,5.76,29.34,46.17,1.39,15.95
B2026-0199,12,5.59,29.02,44.46,1.67,20.73
B2026-0199,18,5.67,29.25,44.04,1.99,26.75
B2026-0199,24,5.6,29.15,41.86,1.85,26.78
B2026-0199,30,5.61,29.34,40.47,2.48,30.8
B2026-0199,36,5.59,29.32,37.66,2.36,32.27
B2026-0199,42,5.49,29.27,35.33,2.98,31.61
B2026-0199,48,5.42,29.24,36.02,2.96,33.69
B2026-0199,54,5.34,29.15,35.31,3.22,34.78
B2026-0199,60,5.34,29.0,34.69,3.61,34.49
B2026-0199,66,5.36,29.47,30.78,3.88,34.76
B2026-0199,72,5.23,29.01,29.22,4.2,35.31
B2026-0200,0,6.55,30.48,45.4,1.02,5.53
B2026-0200,6,6.52,30.59,46.73,1.49,13.48
B2026-0200,12,6.68,30.47,43.33,2.11,19.26
B2026-0200,18,6.52,30.18,37.92,1.97,23.65
B2026-0200,24,6.47,30.11,41.0,2.15,27.74
B2026-0200,30,6.46,30.26,36.17,2.67,30.45
B2026-0200,36,6.37,30.54,36.68,2.66,29.3
B2026-0200,42,6.32,30.43,37.71,2.98,33.81
B2026-0200,48,6.27,30.2,30.74,3.16,30.94
B2026-0200,54,6.36,30.38,31.57,3.67,31.5
B2026-0200,60,6.19,30.62,29.89,4.0,35.07
B2026-0200,66,6.24,30.52,28.6,3.89,34.03
B2026-0200,72,6.06,30.31,27.01,4.39,35.32
B2026-0201,0,6.73,30.69,45.82,0.8,6.24
B2026-0201,6,6.54,30.79,46.18,0.86,10.7
B2026-0201,12,6.62,30.96,45.44,1.15,18.71
B2026-0201,18,6.41,30.96,44.18,1.49,25.02
B2026-0201,24,6.35,31.16,42.87,1.41,27.1
B2026-0201,30,6.41,31.02,41.3,1.54,32.13
B2026-0201,36,6.22,31.1,39.49,1.88,29.74
B2026-0201,42,6.36,31.0,34.8,1.83,32.18
B2026-0201,48,6.16,31.28,37.69,2.34,35.43
B2026-0201,54,6.19,30.88,28.65,2.24,36.11
B2026-0201,60,6.12,30.98,31.31,2.49,35.82
B2026-0201,66,6.04,30.81,33.81,2.69,33.82
B2026-0201,72,6.19,30.81,31.12,2.76,35.34
B2026-0202,0,6.34,29.91,41.88,1.27,5.88
B2026-0202,6,6.52,29.8,40.48,1.41,12.87
B2026-0202,12,6.44,29.82,38.82,1.71,18.21
B2026-0202,18,6.4,29.82,33.89,2.14,23.76
B2026-0202,24,6.23,30.07,33.26,2.09,23.07
B2026-0202,30,6.33,29.82,30.01,2.58,30.35
B2026-0202,36,6.19,30.08,35.02,2.91,32.59
B2026-0202,42,6.21,29.88,29.22,3.04,30.11
B2026-0202,48,6.11,29.73,28.21,3.24,31.87
B2026-0202,54,6.16,29.79,24.78,3.57,34.85
B2026-0202,60,6.02,29.98,23.02,3.7,34.11
B2026-0202,66,6.06,29.99,23.54,3.83,34.79
B2026-0202,72,6.02,30.05,19.97,4.32,32.46
B2026-0203,0,5.59,29.82,42.76,1.59,4.33
B2026-0203,6,5.47,29.8,40.21,2.18,13.11
B2026-0203,12,5.54,29.9,43.33,2.36,16.74
B2026-0203,18,5.57,30.05,40.4,2.54,18.94
B2026-0203,24,5.38,29.94,41.35,2.96,26.71
B2026-0203,30,5.53,30.01,36.58,3.44,27.5
B2026-0203,36,5.28,29.8,34.27,3.44,32.0
B2026-0203,42,5.33,29.86,34.32,3.52,29.72
B2026-0203,48,5.26,29.74,32.16,4.28,32.73
B2026-0203,54,5.17,29.74,34.46,4.6,34.35
B2026-0203,60,5.11,29.91,30.22,4.73,33.04
B2026-0203,66,5.14,29.77,25.58,5.2,35.53
B2026-0203,72,5.1,29.92,27.06,5.63,35.74
B2026-0204,0,6.49,29.23,32.35,1.48,4.98
B2026-0204,6,6.35,29.29,33.31,1.31,11.4
B2026-0204,12,6.38,28.93,26.52,1.78,19.82
B2026-0204,18,6.35,29.46,28.63,2.02,21.63
B2026-0204,24,6.25,29.33,28.39,2.35,27.65
B2026-0204,30,6.31,29.23,28.03,2.48,29.03
B2026-0204,36,6.16,29.34,21.69,2.78,28.02
B2026-0204,42,6.18,29.41,23.95,3.16,33.25
B2026-0204,48,6.15,29.31,21.91,3.24,32.55
B2026-0204,54,6.07,29.17,15.83,3.42,33.8
B2026-0204,60,6.08,29.22,22.91,3.7,34.56
B2026-0204,66,6.06,29.38,17.11,4.19,34.29
B2026-0204,72,6.04,29.41,12.51,4.35,32.11
B2026-0205,0,6.38,29.87,49.78,1.46,1.22
B2026-0205,6,6.41,29.86,43.5,1.89,15.84
B2026-0205,12,6.2,29.82,44.39,1.9,18.05
B2026-0205,18,6.27,29.82,40.66,2.26,25.2
B2026-0205,24,6.01,29.88,45.67,2.84,27.69
B2026-0205,30,6.16,30.04,38.91,2.99,31.83
B2026-0205,36,5.97,29.93,38.3,3.17,30.83
B2026-0205,42,6.01,29.89,38.23,3.5,31.73
B2026-0205,48,5.91,29.77,34.94,3.63,34.26
B2026-0205,54,5.94,30.01,31.55,3.9,35.16
B2026-0205,60,5.88,29.81,32.64,4.36,32.01
B2026-0205,66,5.92,29.78,33.06,4.4,34.68
B2026-0205,72,5.78,29.54,29.4,4.61,33.99
B2026-0206,0,5.65,28.81,47.79,1.32,3.63
B2026-0206,6,5.52,29.08,45.68,1.4,14.09
B2026-0206,12,5.43,29.15,46.0,1.8,20.39
B2026-0206,18,5.45,28.81,44.76,2.01,22.12
B2026-0206,24,5.35,29.11,41.8,2.2,26.53
B2026-0206,30,5.37,29.1,41.51,2.35,28.74
B2026-0206,36,5.31,28.78,39.1,2.83,31.87
B2026-0206,42,5.28,29.03,35.34,3.02,33.94
B2026-0206,48,5.39,29.04,37.81,3.25,31.91
B2026-0206,54,5.19,28.88,38.09,3.22,32.01
B2026-0206,60,5.19,28.99,32.36,3.64,35.95
B2026-0206,66,5.2,28.94,32.0,4.0,34.23
B2026-0206,72,5.14,29.18,32.27,3.91,32.57
B2026-0207,0,6.12,29.47,45.07,1.44,4.65
B2026-0207,6,6.08,29.19,44.96,1.4,10.53
B2026-0207,12,6.06,29.21,40.16,1.62,17.73
B2026-0207,18,5.99,29.25,38.0,1.73,22.87
B2026-0207,24,5.92,29.45,38.25,2.22,29.66
B2026-0207,30,5.97,29.43,37.74,2.35,29.22
B2026-0207,36,5.89,29.21,36.36,2.52,32.98
B2026-0207,42,5.9,29.27,35.59,2.44,34.89
B2026-0207,48,5.73,29.44,32.37,3.1,32.35
B2026-0207,54,5.64,29.31,29.49,2.95,33.52
B2026-0207,60,5.66,29.46,27.86,3.65,33.51
B2026-0207,66,5.71,29.33,23.52,3.62,35.34
B2026-0207,72,5.68,29.32,22.27,3.94,35.06
B2026-0208,0,6.33,30.12,29.71,1.33,3.99
B2026-0208,6,6.32,30.16,31.41,1.55,11.89
B2026-0208,12,6.16,30.14,28.07,1.72,21.99
B2026-0208,18,6.22,30.2,31.43,1.89,27.33
B2026-0208,24,6.08,30.46,30.75,2.02,29.03
B2026-0208,30,6.05,30.07,26.21,2.35,29.9
B2026-0208,36,5.97,30.19,26.25,2.75,30.26
B2026-0208,42,6.02,29.95,20.32,2.9,33.17
B2026-0208,48,5.97,30.24,20.36,3.09,35.08
B2026-0208,54,5.86,30.22,18.61,3.5,32.55
B2026-0208,60,5.92,30.37,19.23,3.69,33.24
B2026-0208,66,5.99,30.01,17.43,3.95,34.11
B2026-0208,72,5.79,30.08,14.93,4.19,38.45
B2026-0209,0,6.41,31.0,55.06,1.25,2.54
B2026-0209,6,6.29,30.64,53.44,1.33,11.29
B2026-0209,12,6.35,30.82,50.06,1.44,21.48
B2026-0209,18,6.17,30.97,50.71,1.69,24.5
B2026-0209,24,6.22,30.84,50.95,1.81,26.46
B2026-0209,30,6.22,30.83,46.63,1.93,32.92
B2026-0209,36,6.23,30.91,45.45,2.21,30.28
B2026-0209,42,6.06,30.92,39.78,2.44,31.93
B2026-0209,48,6.03,30.91,40.52,2.71,33.65
B2026-0209,54,6.05,31.0,39.26,2.88,30.49
B2026-0209,60,6.05,30.96,42.44,2.9,32.22
B2026-0209,66,5.91,30.98,37.17,3.22,33.27
B2026-0209,72,5.76,30.97,32.34,3.23,33.86
B2026-0210,0,6.24,32.26,50.87,1.18,4.98
B2026-0210,6,6.19,32.34,44.69,1.15,12.28
B2026-0210,12,6.18,31.82,47.28,1.46,20.3
B2026-0210,18,6.13,32.2,44.07,1.64,22.49
B2026-0210,24,5.99,32.23,40.96,1.85,27.63
B2026-0210,30,6.07,31.72,42.78,1.95,28.24
B2026-0210,36,5.95,32.12,40.88,2.14,29.1
B2026-0210,42,5.86,32.08,35.28,2.33,36.02
B2026-0210,48,5.91,32.08,34.13,2.39,34.04
B2026-0210,54,5.82,32.14,34.95,3.15,32.75
B2026-0210,60,5.82,31.85,35.35,2.98,32.6
B2026-0210,66,5.74,32.19,34.2,2.95,33.66
B2026-0210,72,5.83,31.96,30.48,3.44,32.58
B2026-0211,0,6.2,29.56,42.8,1.57,5.23
B2026-0211,6,6.21,29.77,38.5,1.79,14.31
B2026-0211,12,6.28,29.6,36.5,2.15,21.29
B2026-0211,18,6.1,29.44,38.08,2.07,21.21
B2026-0211,24,6.08,29.6,31.74,2.55,27.23
B2026-0211,30,6.01,29.89,33.13,2.93,26.96
B2026-0211,36,5.91,29.66,34.4,2.95,31.02
B2026-0211,42,5.89,29.48,29.49,3.29,30.04
B2026-0211,48,5.84,29.31,28.48,3.69,33.73
B2026-0211,54,5.82,29.74,27.36,3.89,33.22
B2026-0211,60,5.8,29.62,27.59,4.3,33.51
B2026-0211,66,5.83,29.42,24.24,4.34,35.24
B2026-0211,72,5.93,29.5,27.04,4.77,33.31
B2026-0212,0,6.62,31.36,44.74,1.39,3.69
B2026-0212,6,6.65,31.0,42.86,1.94,11.1
B2026-0212,12,6.62,30.99,39.59,2.14,16.89
B2026-0212,18,6.4,31.04,38.73,2.12,21.03
B2026-0212,24,6.61,31.07,37.46,2.83,28.36
B2026-0212,30,6.56,30.83,33.4,2.91,29.77
B2026-0212,36,6.49,30.76,35.66,3.23,32.21
B2026-0212,42,6.35,31.08,31.12,3.36,30.43
B2026-0212,48,6.29,30.97,30.11,3.58,30.9
B2026-0212,54,6.41,30.93,30.17,3.74,35.49
B2026-0212,60,6.26,30.94,27.05,4.33,29.46
B2026-0212,66,6.16,30.99,26.08,4.8,33.7
B2026-0212,72,6.23,31.28,26.1,4.7,32.51
B2026-0213,0,6.62,30.42,35.09,1.15,7.89
B2026-0213,6,6.59,30.01,32.51,1.35,12.41
B2026-0213,12,6.59,30.16,31.5,1.34,19.32
B2026-0213,18,6.47,29.93,28.36,1.42,22.99
B2026-0213,24,6.36,30.32,29.71,1.83,24.93
B2026-0213,30,6.36,29.97,25.78,2.03,30.63
B2026-0213,36,6.36,30.36,25.01,2.11,32.12
B2026-0213,42,6.34,30.09,23.67,2.3,28.98
B2026-0213,48,6.27,29.98,21.98,2.34,31.77
B2026-0213,54,6.18,30.35,18.68,2.58,34.0
B2026-0213,60,6.15,30.29,16.14,2.93,37.6
B2026-0213,66,6.11,30.2,13.26,2.99,34.9
B2026-0213,72,6.06,30.26,15.84,3.12,35.96
B2026-0214,0,5.07,29.78,38.26,1.56,2.49
B2026-0214,6,5.11,29.92,37.53,1.78,12.18
B2026-0214,12,5.12,30.09,38.2,1.96,19.32
B2026-0214,18,4.99,29.68,32.49,2.18,23.43
B2026-0214,24,5.02,29.68,31.1,2.66,28.32
B2026-0214,30,4.98,29.95,29.15,2.48,29.83
B2026-0214,36,4.75,29.85,28.29,2.9,34.06
B2026-0214,42,4.96,30.05,24.86,3.44,32.92
B2026-0214,48,4.76,29.9,27.05,3.4,33.06
B2026-0214,54,4.79,29.73,23.01,3.61,34.76
B2026-0214,60,4.68,29.94,19.18,3.86,32.12
B2026-0214,66,4.67,29.92,21.11,4.05,33.95
B2026-0214,72,4.6,29.97,18.26,4.51,33.31
B2026-0215,0,6.14,30.11,40.9,1.19,3.62
B2026-0215,6,5.95,30.03,38.73,1.28,15.31
B2026-0215,12,6.09,30.3,35.72,1.71,17.61
B2026-0215,18,5.88,30.21,35.95,1.8,21.63
B2026-0215,24,5.83,30.46,35.3,2.08,23.48
B2026-0215,30,5.89,30.2,36.03,2.31,28.3
B2026-0215,36,5.69,30.63,33.8,2.62,33.53
B2026-0215,42,5.76,30.51,29.66,2.83,31.05
B2026-0215,48,5.68,30.32,26.5,3.0,32.38
B2026-0215,54,5.54,30.23,26.76,3.29,33.88
B2026-0215,60,5.71,30.38,24.76,3.4,33.37
B2026-0215,66,5.61,30.31,23.02,3.63,34.9
B2026-0215,72,5.48,30.35,19.54,3.99,35.22
B2026-0216,0,6.19,29.88,58.09,1.37,3.73
B2026-0216,6,6.03,29.88,51.55,1.4,10.9
B2026-0216,12,6.1,29.82,52.96,1.79,19.62
B2026-0216,18,5.99,30.19,50.19,1.98,23.16
B2026-0216,24,6.0,30.36,47.11,1.97,27.68
B2026-0216,30,5.95,30.34,49.39,2.62,31.63
B2026-0216,36,5.93,30.18,43.76,2.69,31.25
B2026-0216,42,5.79,30.04,47.88,2.84,33.19
B2026-0216,48,5.78,29.91,41.01,2.96,33.57
B2026-0216,54,5.71,29.92,37.83,3.46,33.2
B2026-0216,60,5.63,29.9,39.52,3.7,33.4
B2026-0216,66,5.56,30.03,40.5,3.89,34.31
B2026-0216,72,5.57,29.91,34.98,3.93,36.2
B2026-0217,0,5.56,30.09,41.48,1.32,2.9
B2026-0217,6,5.48,30.01,44.32,1.64,13.04
B2026-0217,12,5.54,30.26,34.96,1.74,19.06
B2026-0217,18,5.45,30.04,35.94,1.95,25.17
B2026-0217,24,5.28,30.01,30.86,2.13,27.3
B2026-0217,30,5.35,30.03,35.22,2.66,29.04
B2026-0217,36,5.3,30.01,32.64,2.6,33.5
B2026-0217,42,5.31,29.9,28.22,3.03,31.49
B2026-0217,48,5.24,30.02,31.27,3.23,36.48
B2026-0217,54,5.2,29.87,30.81,3.6,34.03
B2026-0217,60,5.16,29.9,21.44,3.71,35.96
B2026-0217,66,5.1,30.33,26.11,3.96,35.98
B2026-0217,72,5.13,30.07,21.46,4.22,30.81
B2026-0218,0,6.2,29.82,51.41,1.42,3.93
B2026-0218,6,6.02,29.96,48.8,1.57,14.82
B2026-0218,12,6.16,29.76,49.49,1.77,18.96
B2026-0218,18,6.14,29.61,44.38,2.18,23.75
B2026-0218,24,6.06,29.51,39.69,2.54,25.2
B2026-0218,30,5.94,29.39,45.25,2.74,29.61
B2026-0218,36,5.95,29.41,39.65,2.91,29.68
B2026-0218,42,5.88,29.75,42.05,3.05,31.98
B2026-0218,48,5.89,29.58,38.07,3.54,32.86
B2026-0218,54,5.85,29.73,36.25,3.61,33.83
B2026-0218,60,5.77,29.57,36.45,4.16,32.9
B2026-0218,66,5.68,29.6,30.35,4.52,33.53
B2026-0218,72,5.63,29.55,31.35,4.46,36.59
B2026-0219,0,6.51,28.79,42.8,1.19,3.67
B2026-0219,6,6.58,29.04,40.02,1.27,10.29
B2026-0219,12,6.46,28.86,39.07,1.45,18.41
B2026-0219,18,6.45,29.02,37.74,1.86,22.59
B2026-0219,24,6.5,28.97,38.2,2.09,26.8
B2026-0219,30,6.37,29.06,32.94,2.37,31.44
B2026-0219,36,6.4,29.18,29.51,2.44,31.13
B2026-0219,42,6.34,28.94,29.21,2.98,33.02
B2026-0219,48,6.32,28.96,27.99,3.16,32.45
B2026-0219,54,6.18,28.88,26.42,3.38,31.19
B2026-0219,60,6.21,28.92,25.44,3.49,33.56
B2026-0219,66,6.11,28.95,23.13,3.89,34.25
B2026-0219,72,6.08,28.92,21.88,3.89,35.58
B2026-0220,0,5.72,28.58,48.1,1.43,3.12
B2026-0220,6,5.78,28.51,49.55,1.87,11.85
B2026-0220,12,5.66,29.0,45.88,1.94,16.66
B2026-0220,18,5.77,29.06,43.55,2.32,24.53
B2026-0220,24,5.65,28.61,40.95,2.52,26.59
B2026-0220,30,5.61,28.65,37.37,2.77,29.38
B2026-0220,36,5.57,29.16,37.91,3.23,31.87
B2026-0220,42,5.51,28.92,36.1,3.28,30.3
B2026-0220,48,5.46,28.91,34.49,3.77,32.55
B2026-0220,54,5.34,28.88,35.37,3.84,33.77
B2026-0220,60,5.35,28.81,31.56,4.06,34.06
B2026-0220,66,5.23,29.08,30.38,4.45,35.95
B2026-0220,72,5.21,28.81,25.33,4.96,37.24
B2026-0221,0,6.17,30.33,45.01,1.19,3.95
B2026-0221,6,6.22,30.52,41.36,1.51,11.11
B2026-0221,12,6.16,30.2,40.89,1.66,20.5
B2026-0221,18,6.14,30.48,40.07,1.71,20.6
B2026-0221,24,6.08,30.5,38.07,2.1,26.47
B2026-0221,30,6.04,30.57,38.4,2.37,29.07
B2026-0221,36,6.03,30.52,38.67,2.67,32.56
B2026-0221,42,5.91,30.36,29.51,2.93,32.97
B2026-0221,48,5.78,30.49,33.41,3.22,31.05
B2026-0221,54,5.94,30.46,31.8,3.38,34.03
B2026-0221,60,5.92,30.43,29.6,3.78,33.69
B2026-0221,66,5.74,30.56,30.32,4.02,35.28
B2026-0221,72,5.63,30.36,24.7,4.11,36.96
B2026-0222,0,5.76,30.14,52.22,1.22,5.27
B2026-0222,6,5.84,29.9,49.86,1.62,11.24
B2026-0222,12,5.7,29.79,48.18,1.94,18.22
B2026-0222,18,5.69,29.67,50.31,1.98,25.31
B2026-0222,24,5.73,29.74,46.71,2.25,27.65
B2026-0222,30,5.61,29.74,45.16,2.37,29.03
B2026-0222,36,5.62,29.83,45.39,2.76,30.12
B2026-0222,42,5.47,29.75,45.83,3.09,31.12
B2026-0222,48,5.44,29.57,38.66,3.4,32.21
B2026-0222,54,5.4,29.68,40.03,3.55,32.52
B2026-0222,60,5.39,30.14,39.59,3.98,31.27
B2026-0222,66,5.36,29.71,36.66,4.18,34.7
B2026-0222,72,5.28,29.71,35.23,4.39,34.64
B2026-0223,0,5.92,29.59,42.26,1.12,4.95
B2026-0223,6,5.87,29.58,39.96,1.13,11.6
B2026-0223,12,5.86,29.48,40.18,1.42,20.31
B2026-0223,18,5.83,29.71,36.02,1.67,24.7
B2026-0223,24,5.66,29.84,39.92,1.93,28.04
B2026-0223,30,5.74,29.53,33.58,2.13,27.69
B2026-0223,36,5.6,29.52,33.53,2.1,30.47
B2026-0223,42,5.62,29.43,25.76,2.28,32.39
B2026-0223,48,5.61,29.66,30.27,2.52,31.59
B2026-0223,54,5.56,29.55,29.29,2.84,35.38
B2026-0223,60,5.47,29.74,29.96,3.0,34.64
B2026-0223,66,5.4,29.72,26.56,3.13,35.09
B2026-0223,72,5.43,29.64,24.35,3.45,34.22
B2026-0224,0,6.72,30.17,32.31,1.61,1.35
B2026-0224,6,6.66,30.19,31.32,1.93,12.46
B2026-0224,12,6.56,30.04,28.68,2.19,17.73
B2026-0224,18,6.58,30.04,27.81,2.53,23.26
B2026-0224,24,6.57,29.94,28.36,2.74,28.05
B2026-0224,30,6.52,30.17,28.45,3.17,31.0
B2026-0224,36,6.51,29.84,22.71,3.26,32.4
B2026-0224,42,6.28,29.74,20.14,3.54,32.4
B2026-0224,48,6.27,29.75,20.67,4.05,30.04
B2026-0224,54,6.25,29.99,18.46,4.32,35.23
B2026-0224,60,6.38,29.96,14.94,4.64,34.19
B2026-0224,66,6.21,30.1,20.43,4.76,33.45
B2026-0224,72,6.26,29.93,16.0,5.35,36.29
B2026-0225,0,6.07,30.61,31.45,1.2,7.28
B2026-0225,6,5.83,30.63,28.33,1.36,14.12
B2026-0225,12,5.88,30.5,30.15,1.53,20.12
B2026-0225,18,5.82,30.33,30.25,2.08,23.29
B2026-0225,24,5.8,30.56,27.2,2.26,27.93
B2026-0225,30,5.81,30.68,25.68,2.58,29.84
B2026-0225,36,5.67,30.49,26.8,2.91,28.09
B2026-0225,42,5.77,30.73,24.26,2.96,32.58
B2026-0225,48,5.59,30.53,19.33,3.02,36.34
B2026-0225,54,5.59,30.59,20.63,3.38,33.0
B2026-0225,60,5.55,30.53,17.61,3.78,34.18
B2026-0225,66,5.53,30.66,17.19,3.94,36.43
B2026-0225,72,5.4,30.28,17.06,4.13,32.82
B2026-0226,0,6.36,30.1,39.22,1.56,1.58
B2026-0226,6,6.26,29.84,40.7,1.5,14.02
B2026-0226,12,6.23,30.33,37.72,1.64,19.44
B2026-0226,18,6.17,29.85,34.88,2.0,25.93
B2026-0226,24,6.19,30.07,36.35,2.09,25.98
B2026-0226,30,6.13,30.15,32.75,2.59,29.65
B2026-0226,36,6.06,30.26,32.88,2.91,33.37
B2026-0226,42,6.07,30.39,29.32,2.91,31.78
B2026-0226,48,5.96,30.35,26.82,3.34,33.45
B2026-0226,54,5.94,30.1,28.21,3.73,35.76
B2026-0226,60,5.9,30.0,28.98,3.73,36.58
B2026-0226,66,5.93,30.35,25.7,3.85,32.65
B2026-0226,72,5.83,30.02,22.11,4.43,34.18
B2026-0227,0,5.42,29.67,37.04,0.85,5.07
B2026-0227,6,5.46,29.74,34.73,1.21,9.98
B2026-0227,12,5.44,29.48,31.12,1.35,20.42
B2026-0227,18,5.25,29.65,32.45,1.3,22.34
B2026-0227,24,5.23,29.49,29.32,1.65,27.23
B2026-0227,30,5.22,29.58,27.58,1.61,26.76
B2026-0227,36,5.28,29.61,27.62,1.8,31.06
B2026-0227,42,5.12,29.39,24.99,2.09,29.55
B2026-0227,48,5.1,29.49,25.26,2.12,33.06
B2026-0227,54,5.13,29.5,22.29,2.23,32.47
B2026-0227,60,5.16,29.77,21.86,2.69,31.16
B2026-0227,66,4.98,29.49,23.42,2.69,35.32
B2026-0227,72,5.02,29.59,16.96,2.75,30.38
B2026-0228,0,6.88,30.77,45.55,1.08,4.63
B2026-0228,6,6.81,31.03,45.86,1.12,12.31
B2026-0228,12,6.77,30.54,46.37,1.54,20.42
B2026-0228,18,6.72,31.02,39.04,1.81,24.09
B2026-0228,24,6.72,30.68,39.44,2.03,25.44
B2026-0228,30,6.57,30.94,42.91,2.14,29.48
B2026-0228,36,6.49,30.96,41.23,1.99,32.93
B2026-0228,42,6.36,31.01,36.93,2.49,32.76
B2026-0228,48,6.47,30.93,36.44,2.69,36.12
B2026-0228,54,6.35,30.38,34.2,2.74,32.89
B2026-0228,60,6.33,30.99,30.69,3.05,34.85
B2026-0228,66,6.36,30.93,33.76,3.2,33.69
B2026-0228,72,6.33,30.95,32.06,3.18,34.16
B2026-0229,0,6.3,31.19,43.73,1.4,2.91
B2026-0229,6,6.36,31.09,43.54,1.91,14.29
B2026-0229,12,6.29,31.38,39.59,1.91,18.07
B2026-0229,18,6.19,31.1,38.45,2.07,22.92
B2026-0229,24,6.21,31.2,35.89,2.55,24.97
B2026-0229,30,6.1,31.1,35.38,2.82,27.87
B2026-0229,36,6.1,31.33,33.86,3.04,29.27
B2026-0229,42,6.03,31.11,31.74,3.4,32.58
B2026-0229,48,6.01,31.03,33.7,3.54,30.91
B2026-0229,54,5.89,31.05,29.9,3.81,35.67
B2026-0229,60,5.94,31.27,24.93,4.06,34.03
B2026-0229,66,5.93,31.08,25.44,4.49,32.08
B2026-0229,72,5.84,31.03,22.33,4.74,33.68
B2026-0230,0,5.97,30.31,62.87,1.3,5.21
B2026-0230,6,5.91,30.23,64.12,1.31,13.96
B2026-0230,12,6.07,30.32,60.28,1.44,20.31
B2026-0230,18,6.08,30.62,59.86,1.83,24.85
B2026-0230,24,5.91,30.42,59.27,2.21,28.37
B2026-0230,30,5.94,30.27,55.23,2.13,28.63
B2026-0230,36,5.77,30.41,54.83,2.64,32.02
B2026-0230,42,5.82,30.33,57.29,2.99,31.37
B2026-0230,48,5.73,30.46,52.74,3.01,34.19
B2026-0230,54,5.79,30.52,53.83,3.63,36.05
B2026-0230,60,5.69,30.31,45.5,3.62,34.67
B2026-0230,66,5.63,30.06,47.01,3.93,32.67
B2026-0230,72,5.6,30.41,48.23,4.3,33.87
B2026-0231,0,6.36,30.71,33.4,0.89,6.14
B2026-0231,6,6.17,30.74,31.49,0.95,9.39
B2026-0231,12,6.26,30.57,32.29,1.18,17.89
B2026-0231,18,6.1,30.77,28.74,1.27,24.5
B2026-0231,24,6.16,30.84,27.75,1.25,24.74
B2026-0231,30,6.26,30.82,21.66,1.42,29.46
B2026-0231,36,6.03,30.63,22.5,1.75,32.49
B2026-0231,42,6.17,30.61,18.75,1.96,34.44
B2026-0231,48,5.99,30.81,17.76,2.08,31.1
B2026-0231,54,5.98,30.66,19.06,2.44,32.87
B2026-0231,60,5.81,30.65,16.86,2.41,33.66
B2026-0231,66,5.98,30.7,14.47,2.45,31.59
B2026-0231,72,5.87,30.72,10.98,2.69,34.22
B2026-0232,0,5.62,30.75,48.44,1.36,3.11
B2026-0232,6,5.56,30.85,47.89,1.68,12.43
B2026-0232,12,5.59,31.07,45.44,1.95,20.04
B2026-0232,18,5.52,30.9,41.9,2.0,24.11
B2026-0232,24,5.51,30.83,43.37,2.36,24.17
B2026-0232,30,5.41,30.64,40.39,2.62,30.62
B2026-0232,36,5.46,30.73,36.51,3.04,32.27
B2026-0232,42,5.24,30.91,32.15,3.18,33.63
B2026-0232,48,5.5,30.83,32.47,3.45,32.95
B2026-0232,54,5.24,30.73,32.53,3.82,33.2
B2026-0232,60,5.19,30.77,30.97,3.92,32.83
B2026-0232,66,5.24,30.83,26.71,4.42,34.83
B2026-0232,72,5.07,30.81,27.04,4.65,33.87
B2026-0233,0,6.56,30.76,34.02,1.25,4.99
B2026-0233,6,6.48,30.82,37.34,1.3,15.12
B2026-0233,12,6.66,30.77,32.64,1.38,15.76
B2026-0233,18,6.51,30.74,33.98,1.83,21.97
B2026-0233,24,6.34,31.05,30.5,1.83,25.26
B2026-0233,30,6.35,31.02,30.43,2.14,31.53
B2026-0233,36,6.4,30.84,33.03,2.3,32.45
B2026-0233,42,6.25,30.93,25.4,2.59,35.58
B2026-0233,48,6.29,30.86,22.76,2.76,31.33
B2026-0233,54,6.24,30.92,22.37,3.15,35.74
B2026-0233,60,6.16,30.88,19.97,3.12,32.28
B2026-0233,66,6.08,30.78,16.24,3.43,35.74
B2026-0233,72,6.06,30.39,17.47,3.4,33.52
B2026-0234,0,6.12,30.06,40.42,1.56,2.95
B2026-0234,6,5.95,30.73,41.23,1.85,13.53
B2026-0234,12,5.96,30.62,42.7,1.82,19.03
B2026-0234,18,5.91,30.37,39.26,2.33,26.48
B2026-0234,24,5.94,30.63,33.32,2.48,25.74
B2026-0234,30,5.91,30.28,32.26,2.72,33.27
B2026-0234,36,5.78,30.51,30.27,3.25,28.14
B2026-0234,42,5.69,30.32,31.41,3.32,34.28
B2026-0234,48,5.73,30.33,31.38,3.64,31.96
B2026-0234,54,5.72,30.06,29.27,3.88,32.38
B2026-0234,60,5.74,30.35,28.13,4.28,34.47
B2026-0234,66,5.56,30.38,27.69,4.64,33.46
B2026-0234,72,5.47,30.34,25.02,4.94,35.26
B2026-0235,0,5.98,30.53,49.74,1.19,6.97
B2026-0235,6,5.96,30.52,43.51,1.52,13.71
B2026-0235,12,6.1,30.49,43.16,1.56,18.71
B2026-0235,18,5.92,30.62,44.93,1.66,23.65
B2026-0235,24,5.92,30.3,41.67,2.24,28.17
B2026-0235,30,5.95,30.31,39.29,2.2,29.5
B2026-0235,36,5.85,30.56,40.26,2.6,29.51
B2026-0235,42,5.71,30.5,39.05,2.73,29.7
B2026-0235,48,5.87,30.49,34.81,2.82,32.87
B2026-0235,54,5.74,30.49,31.52,3.18,32.53
B2026-0235,60,5.76,30.55,30.25,3.27,34.31
B2026-0235,66,5.59,30.36,27.44,3.51,34.45
B2026-0235,72,5.56,30.79,29.32,3.72,32.13
B2026-0236,0,6.0,30.3,30.06,1.26,1.03
B2026-0236,6,5.88,30.26,26.7,1.34,13.02
B2026-0236,12,5.81,30.36,24.97,1.87,19.45
B2026-0236,18,5.8,30.59,22.28,2.02,22.68
B2026-0236,24,5.82,30.24,21.71,2.26,26.09
B2026-0236,30,5.74,30.42,17.83,2.22,29.67
B2026-0236,36,5.72,30.34,18.94,2.71,30.56
B2026-0236,42,5.62,30.27,17.48,2.88,31.17
B2026-0236,48,5.6,30.46,14.29,3.19,34.17
B2026-0236,54,5.58,30.51,13.42,3.37,30.17
B2026-0236,60,5.5,30.23,10.93,3.58,34.13
B2026-0236,66,5.54,30.26,11.36,4.02,33.68
B2026-0236,72,5.44,30.26,8.57,3.98,31.84
B2026-0237,0,5.86,29.38,50.46,1.61,4.34
B2026-0237,6,5.85,29.17,43.33,1.5,13.17
B2026-0237,12,5.9,29.53,44.56,1.79,18.9
B2026-0237,18,5.8,29.16,43.83,2.08,23.79
B2026-0237,24,5.82,29.44,42.18,2.62,26.16
B2026-0237,30,5.72,29.43,37.23,2.72,30.84
B2026-0237,36,5.68,29.19,37.86,3.05,32.43
B2026-0237,42,5.71,29.23,39.0,3.35,33.28
B2026-0237,48,5.55,29.49,35.67,3.25,35.34
B2026-0237,54,5.57,29.17,32.43,3.9,32.12
B2026-0237,60,5.5,29.15,31.48,4.05,35.17
B2026-0237,66,5.5,29.29,31.7,4.37,32.68
B2026-0237,72,5.56,29.37,32.12,4.78,33.74
B2026-0238,0,6.25,30.31,62.5,1.01,3.37
B2026-0238,6,6.2,30.49,57.48,1.12,14.06
B2026-0238,12,6.25,30.35,58.43,1.51,18.48
B2026-0238,18,6.36,30.3,53.57,1.41,21.12
B2026-0238,24,6.25,30.34,52.07,1.84,28.06
B2026-0238,30,6.25,30.62,51.47,2.02,29.89
B2026-0238,36,6.11,30.52,49.22,2.1,31.36
B2026-0238,42,6.19,30.66,51.46,2.38,31.88
B2026-0238,48,5.97,30.37,46.95,2.64,34.26
B2026-0238,54,6.06,30.67,47.12,2.64,33.38
B2026-0238,60,5.93,30.59,44.67,2.94,34.93
B2026-0238,66,5.89,30.64,41.11,3.19,34.07
B2026-0238,72,5.94,30.28,39.16,3.43,33.85
B2026-0239,0,6.23,28.95,44.2,1.03,4.36
B2026-0239,6,6.13,29.13,38.8,1.11,10.74
B2026-0239,12,6.15,29.21,39.66,1.33,19.25
B2026-0239,18,6.12,29.06,37.98,1.44,23.76
B2026-0239,24,5.97,29.14,33.83,1.9,23.16
B2026-0239,30,6.13,28.81,32.06,1.99,30.07
B2026-0239,36,5.97,29.18,31.28,2.09,30.35
B2026-0239,42,5.92,28.76,31.24,2.32,33.61
B2026-0239,48,5.83,28.96,32.11,2.56,33.67
B2026-0239,54,5.89,29.12,31.76,2.72,31.94
B2026-0239,60,5.86,28.97,26.32,2.95,32.66
B2026-0239,66,5.75,29.12,23.86,3.21,32.73
B2026-0239,72,5.68,29.34,20.31,3.28,37.21
B2026-0240,0,6.38,29.65,49.38,1.15,3.8
B2026-0240,6,6.21,29.4,46.96,1.4,16.49
B2026-0240,12,6.31,29.54,47.24,1.66,18.95
B2026-0240,18,6.25,29.39,44.22,1.79,24.53
B2026-0240,24,6.15,29.47,44.85,2.0,29.59
B2026-0240,30,6.18,29.44,40.4,2.21,26.17
B2026-0240,36,6.18,29.77,39.54,2.53,30.53
B2026-0240,42,6.16,29.44,37.53,2.5,31.2
B2026-0240,48,6.07,29.58,37.28,2.72,30.63
B2026-0240,54,6.04,29.33,35.62,2.93,33.31
B2026-0240,60,5.96,29.52,30.18,3.11,34.15
B2026-0240,66,5.95,29.59,29.94,3.66,34.94
B2026-0240,72,5.96,29.44,25.62,3.78,34.56
B2026-0241,0,6.18,30.68,53.58,1.45,3.84
B2026-0241,6,6.09,31.2,50.48,1.75,14.32
B2026-0241,12,6.05,30.91,50.96,1.89,18.19
B2026-0241,18,6.0,30.86,48.8,2.08,20.23
B2026-0241,24,5.99,30.83,44.13,2.34,26.26
B2026-0241,30,6.02,30.83,47.62,2.8,28.2
B2026-0241,36,5.89,31.17,45.16,2.94,30.19
B2026-0241,42,5.9,30.91,39.45,3.11,30.22
B2026-0241,48,5.82,30.77,42.49,3.41,30.97
B2026-0241,54,5.74,31.01,42.25,3.55,31.81
B2026-0241,60,5.85,30.91,38.55,3.83,34.22
B2026-0241,66,5.79,30.95,38.91,4.18,32.67
B2026-0241,72,5.61,30.74,35.63,4.58,34.67
B2026-0242,0,6.31,30.47,45.4,0.79,2.3
B2026-0242,6,6.34,30.55,42.51,1.09,13.88
B2026-0242,12,6.26,30.48,40.11,1.27,19.54
B2026-0242,18,6.2,30.57,40.03,1.46,22.43
B2026-0242,24,6.23,30.52,38.61,1.4,26.51
B2026-0242,30,6.06,30.44,41.62,1.85,30.98
B2026-0242,36,6.13,30.74,34.79,2.19,32.07
B2026-0242,42,6.04,30.63,33.33,2.19,31.93
B2026-0242,48,6.02,30.85,29.61,2.49,32.29
B2026-0242,54,6.03,30.54,31.26,2.52,30.86
B2026-0242,60,6.02,30.45,29.02,2.59,31.89
B2026-0242,66,5.86,30.5,24.93,2.89,31.98
B2026-0242,72,5.84,30.57,20.73,3.01,35.13
B2026-0243,0,5.94,31.12,42.22,0.75,3.98
B2026-0243,6,6.01,30.91,39.36,1.17,11.5
B2026-0243,12,5.95,30.88,37.86,1.25,15.48
B2026-0243,18,5.85,31.11,37.05,1.3,21.94
B2026-0243,24,5.87,30.99,36.11,1.58,26.16
B2026-0243,30,5.86,30.95,35.82,1.85,30.72
B2026-0243,36,5.74,31.42,32.16,1.89,30.77
B2026-0243,42,5.64,31.24,29.12,2.14,33.73
B2026-0243,48,5.71,30.94,28.0,1.87,32.67
B2026-0243,54,5.68,31.01,25.92,2.32,35.28
B2026-0243,60,5.58,31.32,24.38,2.55,33.24
B2026-0243,66,5.67,31.07,28.19,2.64,36.5
B2026-0243,72,5.51,31.17,19.91,2.9,32.83
B2026-0244,0,6.95,29.58,27.61,1.48,4.82
B2026-0244,6,6.81,29.53,27.2,1.8,11.34
B2026-0244,12,6.97,29.81,20.71,1.68,20.24
B2026-0244,18,6.81,30.03,20.65,2.13,23.61
B2026-0244,24,6.76,29.75,20.74,2.4,27.28
B2026-0244,30,6.74,29.99,17.47,2.42,30.67
B2026-0244,36,6.62,29.75,17.07,2.81,28.62
B2026-0244,42,6.6,29.91,16.7,3.21,31.25
B2026-0244,48,6.65,29.73,10.91,3.44,34.0
B2026-0244,54,6.52,29.99,11.84,3.74,36.07
B2026-0244,60,6.52,29.78,11.75,4.11,34.5
B2026-0244,66,6.6,29.85,9.07,4.1,34.3
B2026-0244,72,6.31,29.74,7.89,4.46,37.34
B2026-0245,0,5.6,28.91,49.3,1.11,4.14
B2026-0245,6,5.66,29.34,51.4,1.25,14.44
B2026-0245,12,5.46,29.34,47.4,1.31,19.97
B2026-0245,18,5.56,29.13,49.5,1.49,21.8
B2026-0245,24,5.43,29.14,43.46,1.91,26.04
B2026-0245,30,5.37,29.24,41.88,2.08,28.18
B2026-0245,36,5.28,29.31,45.04,2.43,31.3
B2026-0245,42,5.27,29.15,42.16,2.23,31.45
B2026-0245,48,5.31,29.02,39.31,2.76,30.66
B2026-0245,54,5.23,29.1,37.71,3.0,34.06
B2026-0245,60,5.19,29.24,32.94,3.12,32.7
B2026-0245,66,5.2,29.3,35.07,3.53,33.71
B2026-0245,72,5.07,29.14,28.92,3.35,35.36
B2026-0246,0,6.51,29.67,44.89,1.07,5.33
B2026-0246,6,6.55,29.71,45.45,1.41,10.67
B2026-0246,12,6.52,29.72,40.45,1.76,19.27
B2026-0246,18,6.45,29.84,42.09,1.67,22.8
B2026-0246,24,6.46,29.6,40.74,1.77,26.46
B2026-0246,30,6.29,29.67,39.77,2.3,30.87
B2026-0246,36,6.25,29.67,36.27,2.47,29.61
B2026-0246,42,6.26,29.66,37.33,2.54,32.04
B2026-0246,48,6.26,30.0,30.52,2.95,30.93
B2026-0246,54,6.29,29.57,30.64,3.22,34.5
B2026-0246,60,6.2,29.67,27.79,3.4,34.6
B2026-0246,66,6.19,29.84,27.11,3.54,34.6
B2026-0246,72,6.08,29.62,28.0,3.71,33.52
B2026-0247,0,6.7,30.11,38.43,0.94,5.0
B2026-0247,6,6.6,30.04,40.28,0.9,13.91
B2026-0247,12,6.54,30.14,37.2,1.11,19.99
B2026-0247,18,6.52,29.98,35.66,1.39,22.94
B2026-0247,24,6.53,29.95,31.51,1.42,27.96
B2026-0247,30,6.39,30.19,31.17,1.58,31.89
B2026-0247,36,6.33,29.86,30.11,1.53,33.04
B2026-0247,42,6.34,29.86,24.92,1.75,32.57
B2026-0247,48,6.22,30.15,24.62,2.04,33.61
B2026-0247,54,6.29,30.24,22.38,2.26,32.5
B2026-0247,60,6.22,29.95,21.22,2.37,34.33
B2026-0247,66,6.17,30.15,20.27,2.51,34.49
B2026-0247,72,6.07,30.16,18.33,2.76,34.76
B2026-0248,0,5.95,30.11,47.16,0.98,5.2
B2026-0248,6,5.79,29.83,45.04,1.28,11.56
B2026-0248,12,5.76,30.04,43.73,1.61,17.12
B2026-0248,18,5.85,30.05,43.42,1.68,21.01
B2026-0248,24,5.62,29.98,42.67,1.7,25.54
B2026-0248,30,5.65,30.13,39.98,1.95,26.75
B2026-0248,36,5.63,30.27,36.82,2.13,30.16
B2026-0248,42,5.58,30.02,38.74,2.58,32.27
B2026-0248,48,5.4,29.95,33.25,2.58,33.13
B2026-0248,54,5.49,29.8,34.37,2.88,33.99
B2026-0248,60,5.48,29.94,33.7,3.06,36.16
B2026-0248,66,5.34,30.27,27.79,3.58,32.78
B2026-0248,72,5.42,30.0,29.44,3.48,32.8
B2026-0249,0,6.76,31.17,41.48,0.84,4.45
B2026-0249,6,6.93,30.69,38.33,1.41,14.59
B2026-0249,12,6.85,31.01,40.43,1.61,16.73
B2026-0249,18,6.79,30.87,36.7,1.94,24.89
B2026-0249,24,6.8,30.75,36.04,2.36,24.59
B2026-0249,30,6.75,31.07,31.06,2.44,30.85
B2026-0249,36,6.59,30.9,31.29,2.54,30.32
B2026-0249,42,6.72,30.78,29.32,2.72,31.48
B2026-0249,48,6.53,30.72,28.9,3.05,34.65
B2026-0249,54,6.57,30.72,25.06,3.26,33.28
B2026-0249,60,6.51,30.83,26.54,3.48,33.64
B2026-0249,66,6.42,30.7,25.61,3.63,32.19
B2026-0249,72,6.5,30.65,22.4,3.96,34.44
B2026-0250,0,6.35,29.81,44.43,1.46,1.0
B2026-0250,6,6.58,29.55,38.03,1.72,13.47
B2026-0250,12,6.42,29.66,41.27,1.89,16.74
B2026-0250,18,6.45,29.78,39.25,2.22,27.18
B2026-0250,24,6.31,29.75,36.88,2.38,28.03
B2026-0250,30,6.11,29.74,33.65,2.66,27.83
B2026-0250,36,6.3,29.67,32.67,2.93,31.56
B2026-0250,42,6.29,29.78,32.37,3.21,31.23
B2026-0250,48,6.16,29.7,30.24,3.47,31.65
B2026-0250,54,6.11,29.52,27.15,3.72,36.17
B2026-0250,60,6.16,29.59,26.34,4.0,33.55
B2026-0250,66,6.03,29.69,28.1,4.19,34.72
B2026-0250,72,5.85,29.87,25.14,4.37,33.66
B2026-0251,0,6.52,30.25,51.78,1.01,6.79
B2026-0251,6,6.41,30.65,51.75,1.34,11.23
B2026-0251,12,6.46,30.34,43.44,1.27,19.62
B2026-0251,18,6.36,30.17,48.26,1.53,22.91
B2026-0251,24,6.28,30.32,41.08,1.78,24.24
B2026-0251,30,6.26,30.35,44.42,1.95,29.94
B2026-0251,36,6.23,30.45,41.09,1.88,32.15
B2026-0251,42,6.17,30.21,40.44,2.26,32.11
B2026-0251,48,6.19,30.3,36.99,2.75,31.35
B2026-0251,54,6.08,30.23,37.19,2.79,35.3
B2026-0251,60,6.09,30.26,35.54,3.11,34.26
B2026-0251,66,5.92,30.41,33.67,3.31,33.6
B2026-0251,72,5.88,29.9,29.96,3.48,36.38
B2026-0252,0,6.18,29.15,33.72,1.67,2.03
B2026-0252,6,6.24,29.59,37.98,1.84,12.28
B2026-0252,12,6.1,29.44,30.82,1.95,18.66
B2026-0252,18,5.99,29.49,29.31,2.38,25.07
B2026-0252,24,6.07,29.34,29.73,2.54,28.36
B2026-0252,30,6.03,29.03,30.9,2.86,30.04
B2026-0252,36,5.91,29.3,25.38,3.11,31.59
B2026-0252,42,5.85,29.11,22.14,3.37,31.21
B2026-0252,48,5.86,29.2,24.58,3.79,32.41
B2026-0252,54,5.79,29.52,18.3,4.29,34.9
B2026-0252,60,5.74,29.49,18.81,4.42,33.08
B2026-0252,66,5.76,29.2,17.77,4.75,35.78
B2026-0252,72,5.61,29.42,14.33,4.7,33.31
B2026-0253,0,6.12,30.31,53.31,1.06,4.03
B2026-0253,6,6.07,30.07,52.59,1.27,10.74
B2026-0253,12,5.91,30.26,51.23,1.46,18.25
B2026-0253,18,5.91,30.26,50.23,1.81,20.27
B2026-0253,24,5.94,30.3,49.1,2.01,25.7
B2026-0253,30,5.92,30.13,46.72,2.04,29.21
B2026-0253,36,5.76,30.38,48.05,2.15,31.09
B2026-0253,42,5.83,30.27,46.02,2.42,31.82
B2026-0253,48,5.68,30.33,41.72,2.75,31.89
B2026-0253,54,5.66,30.38,42.92,2.95,36.23
B2026-0253,60,5.69,30.39,39.9,3.25,35.75
B2026-0253,66,5.55,30.44,37.49,3.25,31.55
B2026-0253,72,5.48,30.26,32.45,3.44,35.5
B2026-0254,0,6.04,30.01,32.68,1.09,4.76
B2026-0254,6,5.95,29.89,30.7,1.32,13.03
B2026-0254,12,5.99,29.98,32.3,1.5,18.34
B2026-0254,18,5.91,29.99,29.69,1.91,23.02
B2026-0254,24,5.93,30.07,31.29,1.77,28.84
B2026-0254,30,5.86,30.38,27.63,1.92,28.85
B2026-0254,36,5.91,30.01,25.2,2.35,30.29
B2026-0254,42,5.77,29.86,27.19,2.32,32.25
B2026-0254,48,5.77,30.0,19.64,2.55,33.63
B2026-0254,54,5.65,29.69,21.34,2.77,34.4
B2026-0254,60,5.65,29.96,19.09,2.94,32.66
B2026-0254,66,5.6,29.83,18.83,3.24,32.03
B2026-0254,72,5.54,30.02,14.93,3.53,35.29
B2026-0255,0,6.43,29.65,37.43,1.44,3.6
B2026-0255,6,6.28,29.34,38.05,1.62,11.88
B2026-0255,12,6.17,29.43,35.16,2.17,19.79
B2026-0255,18,6.07,29.48,32.82,2.5,26.02
B2026-0255,24,6.12,29.35,33.04,2.56,26.67
B2026-0255,30,6.16,29.62,34.72,2.92,27.41
B2026-0255,36,5.99,29.48,28.8,3.22,32.01
B2026-0255,42,6.03,29.55,25.88,3.63,29.64
B2026-0255,48,5.94,29.57,28.75,3.6,31.2
B2026-0255,54,5.93,29.55,24.23,4.08,31.18
B2026-0255,60,5.91,29.34,25.03,4.31,35.64
B2026-0255,66,5.84,29.39,24.0,4.86,35.32
B2026-0255,72,5.78,29.35,20.47,4.96,33.1
B2026-0256,0,6.64,30.05,61.68,1.1,7.27
B2026-0256,6,6.7,29.91,62.35,1.43,13.87
B2026-0256,12,6.53,29.63,63.4,1.53,19.53
B2026-0256,18,6.53,29.91,56.45,1.92,23.8
B2026-0256,24,6.5,29.83,54.91,2.01,29.85
B2026-0256,30,6.46,29.87,52.22,2.28,30.43
B2026-0256,36,6.38,29.93,49.18,2.82,32.16
B2026-0256,42,6.34,29.91,51.78,2.71,34.51
B2026-0256,48,6.34,29.73,46.52,3.22,33.16
B2026-0256,54,6.29,29.84,45.13,3.4,33.16
B2026-0256,60,6.22,30.19,47.29,3.69,37.97
B2026-0256,66,6.21,29.85,42.61,3.76,31.14
B2026-0256,72,6.19,29.64,44.19,4.04,34.62
B2026-0257,0,6.21,30.08,57.44,1.08,2.65
B2026-0257,6,6.23,29.72,50.33,1.35,14.62
B2026-0257,12,6.11,29.93,51.02,1.58,20.73
B2026-0257,18,6.07,29.72,47.35,1.81,21.89
B2026-0257,24,6.07,29.99,47.68,1.89,28.33
B2026-0257,30,5.96,29.73,46.63,2.27,31.56
B2026-0257,36,5.96,29.76,47.65,2.12,31.18
B2026-0257,42,5.92,30.07,46.73,2.42,32.25
B2026-0257,48,5.85,29.83,43.59,2.69,33.14
B2026-0257,54,5.9,30.1,41.35,2.96,31.8
B2026-0257,60,5.89,29.95,39.46,3.16,34.44
B2026-0257,66,5.8,30.01,40.82,3.38,36.84
B2026-0257,72,5.78,29.86,32.68,3.57,36.77
B2026-0258,0,5.78,29.82,47.11,1.27,3.42
B2026-0258,6,5.74,29.9,43.71,1.16,15.55
B2026-0258,12,5.8,30.09,45.36,1.68,19.64
B2026-0258,18,5.69,29.89,40.92,1.69,23.1
B2026-0258,24,5.74,29.63,38.01,2.12,26.21
B2026-0258,30,5.65,29.96,39.79,2.19,31.07
B2026-0258,36,5.63,29.81,37.24,2.53,30.34
B2026-0258,42,5.44,29.92,37.08,2.43,32.76
B2026-0258,48,5.6,29.64,33.97,2.91,35.34
B2026-0258,54,5.52,29.68,33.22,3.43,32.52
B2026-0258,60,5.41,29.89,29.73,3.58,33.19
B2026-0258,66,5.29,29.73,30.67,3.5,34.66
B2026-0258,72,5.36,29.63,26.65,3.85,35.49
B2026-0259,0,6.41,31.26,37.91,1.54,4.78
B2026-0259,6,6.37,31.31,36.07,1.78,13.49
B2026-0259,12,6.5,31.19,35.03,1.93,17.53
B2026-0259,18,6.29,31.34,35.2,2.31,23.15
B2026-0259,24,6.24,31.1,31.03,2.4,28.87
B2026-0259,30,6.34,30.95,31.14,2.86,29.46
B2026-0259,36,6.15,31.39,29.8,3.23,29.7
B2026-0259,42,6.06,31.31,25.47,3.51,28.8
B2026-0259,48,6.08,31.15,25.14,3.69,33.44
B2026-0259,54,6.1,31.35,23.88,4.19,35.54
B2026-0259,60,6.0,31.22,21.98,4.26,32.44
B2026-0259,66,5.93,30.91,20.26,4.62,33.98
B2026-0259,72,5.93,31.28,17.47,4.77,35.77
B2026-0260,0,6.49,30.08,44.29,1.55,2.93
B2026-0260,6,6.41,30.22,40.81,1.77,11.5
B2026-0260,12,6.38,30.04,38.63,1.97,18.65
B2026-0260,18,6.42,30.03,38.08,2.37,21.82
B2026-0260,24,6.32,30.09,34.91,2.71,27.65
B2026-0260,30,6.31,29.94,35.62,2.7,29.19
B2026-0260,36,6.27,29.98,34.46,3.14,29.98
B2026-0260,42,6.08,29.89,31.72,3.53,29.9
B2026-0260,48,6.21,29.78,28.86,3.65,33.47
B2026-0260,54,6.1,30.03,31.2,4.04,32.59
B2026-0260,60,6.08,30.22,27.25,4.39,31.5
B2026-0260,66,6.04,29.89,22.99,4.55,34.37
B2026-0260,72,5.93,29.96,22.42,4.92,34.77
B2026-0261,0,6.4,29.98,47.7,1.03,1.0
B2026-0261,6,6.37,29.69,44.83,1.27,14.79
B2026-0261,12,6.41,29.69,40.79,1.47,19.45
B2026-0261,18,6.18,29.83,43.03,1.48,22.1
B2026-0261,24,6.17,29.8,41.64,1.78,26.91
B2026-0261,30,6.31,29.69,37.36,2.1,30.63
B2026-0261,36,6.15,30.1,37.72,1.98,30.95
B2026-0261,42,6.05,30.04,37.43,2.22,34.02
B2026-0261,48,6.1,29.78,33.76,2.77,29.89
B2026-0261,54,6.03,29.99,32.16,2.88,33.61
B2026-0261,60,5.92,29.71,32.18,2.92,31.61
B2026-0261,66,5.93,29.75,26.77,3.21,35.36
B2026-0261,72,5.88,29.67,28.55,3.52,37.75
B2026-0262,0,6.5,28.38,48.02,1.21,2.27
B2026-0262,6,6.39,28.82,47.11,1.29,12.81
B2026-0262,12,6.36,28.27,39.74,1.65,19.34
B2026-0262,18,6.18,28.59,43.72,1.83,23.69
B2026-0262,24,6.28,28.6,36.63,1.97,26.23
B2026-0262,30,6.15,28.75,39.65,2.17,28.82
B2026-0262,36,6.23,28.43,38.5,2.7,32.63
B2026-0262,42,6.13,28.72,34.17,3.06,32.36
B2026-0262,48,6.15,28.48,34.63,3.05,31.45
B2026-0262,54,5.98,28.5,34.26,2.99,32.91
B2026-0262,60,6.07,28.35,32.97,3.3,32.52
B2026-0262,66,5.94,28.81,27.6,3.45,32.1
B2026-0262,72,5.97,28.33,29.68,3.89,34.38
B2026-0263,0,6.07,29.25,45.55,1.06,6.02
B2026-0263,6,5.95,29.44,41.62,1.37,12.23
B2026-0263,12,6.15,29.37,40.46,1.61,16.83
B2026-0263,18,5.92,29.65,41.2,2.01,22.23
B2026-0263,24,5.88,29.4,37.49,2.18,27.75
B2026-0263,30,5.88,29.35,39.54,2.33,28.62
B2026-0263,36,5.89,29.21,32.37,2.48,31.39
B2026-0263,42,5.84,29.27,37.82,2.82,31.82
B2026-0263,48,5.67,29.67,32.31,2.89,36.53
B2026-0263,54,5.7,29.49,34.39,3.35,34.92
B2026-0263,60,5.64,29.48,29.37,3.5,34.07
B2026-0263,66,5.57,29.45,28.86,3.84,35.17
B2026-0263,72,5.68,29.53,25.86,4.02,36.55
B2026-0264,0,5.77,30.12,44.2,1.11,4.01
B2026-0264,6,5.78,29.62,45.99,1.04,10.62
B2026-0264,12,5.81,30.08,41.25,1.5,20.28
B2026-0264,18,5.69,30.02,40.68,1.63,21.72
B2026-0264,24,5.59,29.99,40.52,1.75,29.69
B2026-0264,30,5.73,29.88,34.93,1.94,27.9
B2026-0264,36,5.58,29.68,33.86,1.87,31.06
B2026-0264,42,5.4,29.77,36.06,2.25,30.37
B2026-0264,48,5.49,29.69,33.46,2.4,32.69
B2026-0264,54,5.43,29.81,34.77,2.74,34.21
B2026-0264,60,5.37,29.85,29.37,2.91,34.87
B2026-0264,66,5.34,29.76,27.36,3.04,34.47
B2026-0264,72,5.3,30.04,32.11,3.22,34.87
B2026-0265,0,5.91,29.48,42.3,1.39,5.03
B2026-0265,6,5.82,29.74,44.24,1.4,11.32
B2026-0265,12,5.73,29.7,42.48,1.61,21.73
B2026-0265,18,5.71,29.67,39.98,2.09,24.73
B2026-0265,24,5.68,29.49,37.92,1.99,24.78
B2026-0265,30,5.66,29.44,35.3,2.29,29.22
B2026-0265,36,5.6,29.78,36.11,2.78,30.15
B2026-0265,42,5.6,29.46,32.08,3.01,30.84
B2026-0265,48,5.38,29.41,27.6,2.86,31.56
B2026-0265,54,5.47,29.21,32.43,2.98,33.26
B2026-0265,60,5.41,29.64,29.15,3.57,33.35
B2026-0265,66,5.36,29.58,28.93,3.75,34.69
B2026-0265,72,5.36,29.51,26.1,4.12,34.07
B2026-0266,0,5.56,30.9,35.24,0.94,3.8
B2026-0266,6,5.59,30.89,33.25,1.67,13.28
B2026-0266,12,5.36,30.76,30.8,1.55,19.24
B2026-0266,18,5.43,31.14,27.53,1.85,23.92
B2026-0266,24,5.43,30.99,23.31,2.11,26.6
B2026-0266,30,5.42,31.08,27.03,2.36,31.17
B2026-0266,36,5.4,31.01,29.26,2.48,29.03
B2026-0266,42,5.29,30.91,18.45,2.7,32.51
B2026-0266,48,5.24,30.85,21.88,3.02,33.92
B2026-0266,54,5.16,31.1,18.03,3.17,36.01
B2026-0266,60,5.1,30.87,16.12,3.36,34.1
B2026-0266,66,5.16,30.96,16.4,3.54,33.12
B2026-0266,72,4.98,31.08,17.08,3.91,35.09
B2026-0267,0,6.29,29.9,44.66,1.29,3.48
B2026-0267,6,6.16,29.98,37.42,1.85,13.63
B2026-0267,12,6.25,29.88,37.6,2.03,20.63
B2026-0267,18,6.07,29.58,33.47,2.25,25.91
B2026-0267,24,5.99,29.84,34.84,2.71,30.22
B2026-0267,30,6.05,30.02,35.69,2.6,30.19
B2026-0267,36,5.92,29.86,34.65,3.03,32.46
B2026-0267,42,6.02,29.62,26.43,3.43,33.8
B2026-0267,48,5.91,29.94,30.99,3.66,32.39
B2026-0267,54,5.92,29.83,28.11,3.85,32.17
B2026-0267,60,5.77,30.22,24.25,4.14,34.76
B2026-0267,66,5.77,29.99,25.11,4.26,35.01
B2026-0267,72,5.7,30.15,23.73,4.55,34.95
B2026-0268,0,6.07,30.94,52.87,1.32,2.74
B2026-0268,6,6.23,30.92,50.87,1.62,13.49
B2026-0268,12,6.0,30.74,50.09,1.96,18.46
B2026-0268,18,5.94,30.84,47.63,2.16,24.01
B2026-0268,24,6.09,31.1,50.87,2.44,29.34
B2026-0268,30,5.93,31.05,46.32,2.74,30.22
B2026-0268,36,5.9,30.64,43.57,3.15,31.22
B2026-0268,42,5.86,30.79,42.75,3.31,31.69
B2026-0268,48,5.75,31.04,41.34,3.62,35.92
B2026-0268,54,5.77,31.08,39.61,3.82,31.87
B2026-0268,60,5.72,30.5,38.03,4.17,33.57
B2026-0268,66,5.66,30.71,38.67,4.36,32.75
B2026-0268,72,5.65,30.92,33.6,4.62,34.42
B2026-0269,0,6.08,30.11,34.98,1.23,4.04
B2026-0269,6,5.98,30.07,34.65,1.29,11.08
B2026-0269,12,5.97,30.27,29.7,1.58,18.41
B2026-0269,18,5.92,30.08,36.96,1.73,25.9
B2026-0269,24,5.93,30.12,28.79,2.0,26.84
B2026-0269,30,5.86,29.91,26.81,2.17,26.56
B2026-0269,36,5.8,30.2,24.28,2.54,28.43
B2026-0269,42,5.71,30.02,24.15,2.64,31.88
B2026-0269,48,5.64,30.03,25.11,2.77,36.23
B2026-0269,54,5.58,30.08,21.95,3.02,35.53
B2026-0269,60,5.61,30.01,21.96,3.15,33.05
B2026-0269,66,5.57,30.16,18.28,3.47,33.83
B2026-0269,72,5.56,30.08,14.31,3.59,36.7
B2026-0270,0,5.07,30.07,47.19,1.21,2.86
B2026-0270,6,5.01,30.31,40.82,1.3,13.35
B2026-0270,12,5.02,30.11,38.38,1.56,20.1
B2026-0270,18,5.03,29.94,37.69,1.83,21.63
B2026-0270,24,5.03,30.05,36.76,1.9,25.88
B2026-0270,30,4.81,30.1,34.96,2.29,29.95
B2026-0270,36,4.92,30.06,37.23,2.63,31.19
B2026-0270,42,4.84,29.94,31.42,2.83,32.9
B2026-0270,48,4.82,29.94,35.06,2.87,31.64
B2026-0270,54,4.71,30.26,28.01,3.03,37.8
B2026-0270,60,4.76,29.92,26.49,3.14,34.04
B2026-0270,66,4.7,30.25,23.28,3.4,34.03
B2026-0270,72,4.78,30.16,26.23,3.63,31.25
B2026-0271,0,5.72,29.92,38.91,1.27,2.88
B2026-0271,6,5.61,30.15,36.09,1.54,12.73
B2026-0271,12,5.67,29.81,38.23,1.75,18.84
B2026-0271,18,5.69,29.79,36.13,2.19,24.06
B2026-0271,24,5.54,30.26,33.08,2.35,26.32
B2026-0271,30,5.51,30.08,30.97,2.32,29.92
B2026-0271,36,5.4,30.05,29.94,2.94,29.38
B2026-0271,42,5.39,29.89,25.39,3.21,29.56
B2026-0271,48,5.45,30.0,26.38,3.37,33.32
B2026-0271,54,5.31,29.98,26.65,3.46,33.98
B2026-0271,60,5.14,29.65,24.74,3.78,32.61
B2026-0271,66,5.25,29.88,20.05,3.88,31.26
B2026-0271,72,5.26,29.87,22.38,4.28,34.96
B2026-0272,0,6.53,30.01,47.08,1.02,2.16
B2026-0272,6,6.55,30.24,48.63,1.22,11.69
B2026-0272,12,6.43,29.98,43.62,1.37,16.86
B2026-0272,18,6.42,29.47,41.94,1.58,24.77
B2026-0272,24,6.44,30.16,39.86,1.76,25.61
B2026-0272,30,6.35,29.76,41.76,2.06,29.9
B2026-0272,36,6.19,29.86,33.58,2.43,30.56
B2026-0272,42,6.28,30.01,36.74,2.47,31.69
B2026-0272,48,6.2,30.06,35.09,3.06,35.37
B2026-0272,54,6.06,29.98,31.83,3.08,32.98
B2026-0272,60,6.15,29.65,28.03,3.38,33.97
B2026-0272,66,6.02,30.04,27.37,3.3,32.03
B2026-0272,72,5.99,29.94,30.13,3.6,35.39
B2026-0273,0,5.92,31.33,41.14,1.22,4.61
B2026-0273,6,5.86,31.2,40.98,1.7,14.75
B2026-0273,12,5.8,30.94,38.3,1.69,20.33
B2026-0273,18,5.85,31.05,36.63,1.87,23.8
B2026-0273,24,5.75,31.32,37.55,2.37,24.52
B2026-0273,30,5.67,31.35,33.9,2.35,30.36
B2026-0273,36,5.63,31.36,33.35,2.76,32.85
B2026-0273,42,5.55,31.42,30.53,3.06,32.25
B2026-0273,48,5.56,31.09,29.48,3.17,35.79
B2026-0273,54,5.51,31.38,30.7,3.58,33.25
B2026-0273,60,5.51,31.29,27.26,3.6,31.17
B2026-0273,66,5.55,30.81,25.87,4.01,34.45
B2026-0273,72,5.35,31.26,24.3,4.61,34.63
B2026-0274,0,6.36,28.15,59.86,1.2,4.4
B2026-0274,6,6.25,28.63,56.75,1.3,11.86
B2026-0274,12,6.24,28.44,51.59,1.68,17.46
B2026-0274,18,6.18,28.26,52.51,1.78,25.87
B2026-0274,24,6.13,28.57,57.28,2.07,29.08
B2026-0274,30,6.03,28.56,48.29,2.29,29.95
B2026-0274,36,6.07,28.19,46.59,2.59,30.25
B2026-0274,42,5.9,28.37,46.5,2.76,32.79
B2026-0274,48,5.97,28.26,44.33,3.07,32.03
B2026-0274,54,5.88,28.15,43.51,3.23,30.49
B2026-0274,60,5.8,28.16,43.56,3.18,33.78
B2026-0274,66,5.86,28.4,39.52,3.67,35.76
B2026-0274,72,5.77,28.04,41.11,3.9,34.38
B2026-0275,0,5.54,28.55,48.3,0.86,3.8
B2026-0275,6,5.59,28.53,49.95,1.23,12.04
B2026-0275,12,5.54,28.53,46.39,1.46,17.52
B2026-0275,18,5.63,28.69,39.83,1.59,25.16
B2026-0275,24,5.52,28.54,43.6,1.79,27.98
B2026-0275,30,5.37,28.51,45.41,1.96,31.44
B2026-0275,36,5.59,28.53,38.16,2.12,32.45
B2026-0275,42,5.45,28.94,38.9,2.4,30.93
B2026-0275,48,5.18,28.59,35.08,2.61,30.02
B2026-0275,54,5.24,28.64,36.55,2.72,36.26
B2026-0275,60,5.34,28.5,37.44,3.13,33.71
B2026-0275,66,5.21,28.59,31.35,3.04,36.19
B2026-0275,72,5.19,28.52,29.2,3.21,34.19
B2026-0276,0,6.71,29.49,37.31,1.03,4.21
B2026-0276,6,6.67,29.75,31.11,1.07,12.44
B2026-0276,12,6.59,29.82,32.47,1.59,18.02
B2026-0276,18,6.5,29.57,29.12,1.72,19.44
B2026-0276,24,6.46,29.79,28.55,1.9,30.13
B2026-0276,30,6.45,29.8,32.43,2.01,29.07
B2026-0276,36,6.46,29.8,25.93,2.1,33.38
B2026-0276,42,6.35,29.8,24.95,2.57,30.72
B2026-0276,48,6.27,29.75,20.58,2.55,35.17
B2026-0276,54,6.17,29.68,23.68,2.73,32.07
B2026-0276,60,6.22,29.49,19.81,2.89,33.12
B2026-0276,66,6.22,29.86,18.74,3.27,36.58
B2026-0276,72,6.12,29.66,15.66,3.13,34.97
B2026-0277,0,6.04,30.08,48.26,1.49,1.64
B2026-0277,6,6.1,29.95,48.81,1.88,12.31
B2026-0277,12,6.02,29.98,49.22,2.15,20.34
B2026-0277,18,5.95,30.19,44.79,2.22,23.4
B2026-0277,24,6.0,29.83,46.82,2.58,26.18
B2026-0277,30,5.96,29.89,48.02,2.85,29.37
B2026-0277,36,5.94,30.04,44.25,2.91,30.14
B2026-0277,42,5.83,30.17,41.83,3.51,33.59
B2026-0277,48,5.79,29.69,41.59,3.61,33.32
B2026-0277,54,5.74,30.02,34.91,3.75,31.95
B2026-0277,60,5.73,29.79,33.78,4.32,32.35
B2026-0277,66,5.61,30.02,34.52,4.42,34.42
B2026-0277,72,5.62,29.82,32.8,4.74,34.62
B2026-0278,0,6.29,30.46,41.63,1.25,5.36
B2026-0278,6,6.23,30.65,38.99,1.18,11.6
B2026-0278,12,6.16,30.47,37.35,1.5,22.1
B2026-0278,18,6.12,30.48,33.71,1.7,23.41
B2026-0278,24,6.09,30.47,36.78,2.03,26.7
B2026-0278,30,6.09,30.46,32.96,2.11,27.24
B2026-0278,36,6.01,30.45,28.68,2.5,31.12
B2026-0278,42,5.92,30.41,29.15,2.58,31.09
B2026-0278,48,5.95,30.48,26.18,2.82,31.33
B2026-0278,54,5.87,30.79,26.68,2.99,34.52
B2026-0278,60,5.79,30.48,22.79,3.61,32.19
B2026-0278,66,5.81,30.38,23.86,3.63,36.09
B2026-0278,72,5.79,30.38,26.64,3.88,33.61
B2026-0279,0,6.98,30.43,42.57,1.57,5.45
B2026-0279,6,6.97,30.2,44.02,2.03,13.99
B2026-0279,12,6.88,30.34,37.57,2.06,15.8
B2026-0279,18,6.93,30.51,33.28,2.47,23.58
B2026-0279,24,6.79,30.41,31.57,2.65,26.95
B2026-0279,30,6.76,30.13,34.36,3.07,29.76
B2026-0279,36,6.7,30.73,30.03,3.32,31.17
B2026-0279,42,6.79,30.39,31.5,3.57,30.41
B2026-0279,48,6.58,30.29,30.63,3.83,32.54
B2026-0279,54,6.67,30.03,24.54,3.79,35.27
B2026-0279,60,6.54,30.48,25.33,4.5,33.7
B2026-0279,66,6.53,30.37,24.64,4.86,31.77
B2026-0279,72,6.46,30.36,22.48,4.9,33.63
B2026-0280,0,6.77,29.72,53.39,1.15,3.57
B2026-0280,6,6.67,29.75,49.61,1.16,10.09
B2026-0280,12,6.62,29.86,45.92,1.59,19.87
B2026-0280,18,6.47,29.77,46.39,1.74,21.63
B2026-0280,24,6.49,29.81,45.77,1.69,27.37
B2026-0280,30,6.42,29.81,41.77,2.1,30.09
B2026-0280,36,6.5,29.71,36.34,2.51,32.05
B2026-0280,42,6.42,29.63,39.4,2.79,31.81
B2026-0280,48,6.35,29.57,34.4,2.62,33.04
B2026-0280,54,6.29,29.79,32.48,2.94,32.03
B2026-0280,60,6.28,29.49,32.98,3.14,34.17
B2026-0280,66,6.12,29.83,30.5,3.4,31.4
B2026-0280,72,6.11,29.67,32.26,3.65,34.63
B2026-0281,0,5.99,30.55,42.62,1.33,4.31
B2026-0281,6,6.1,30.61,40.84,1.28,13.1
B2026-0281,12,6.05,30.56,40.58,1.89,18.05
B2026-0281,18,5.95,30.95,37.78,2.05,20.93
B2026-0281,24,5.91,30.79,33.08,2.08,27.73
B2026-0281,30,5.82,30.88,34.77,2.44,28.89
B2026-0281,36,5.81,30.83,33.63,2.62,32.66
B2026-0281,42,5.79,30.77,31.17,2.97,29.25
B2026-0281,48,5.72,30.96,29.84,3.15,31.95
B2026-0281,54,5.7,30.68,30.43,3.28,32.78
B2026-0281,60,5.59,30.99,25.85,3.55,30.76
B2026-0281,66,5.53,30.79,25.7,3.78,33.31
B2026-0281,72,5.65,31.12,25.37,4.28,37.09
B2026-0282,0,6.08,30.68,51.39,1.87,2.55
B2026-0282,6,5.84,30.57,51.3,1.73,10.64
B2026-0282,12,5.82,30.54,52.1,2.28,19.95
B2026-0282,18,5.85,30.69,50.37,2.65,23.12
B2026-0282,24,5.67,30.8,44.29,2.95,26.95
B2026-0282,30,5.65,30.76,45.61,3.25,29.37
B2026-0282,36,5.65,30.81,42.27,3.41,31.82
B2026-0282,42,5.71,30.81,41.65,3.62,34.22
B2026-0282,48,5.49,30.81,44.7,4.18,33.28
B2026-0282,54,5.59,30.75,43.59,4.38,32.0
B2026-0282,60,5.51,30.98,36.16,4.85,35.5
B2026-0282,66,5.53,30.87,38.56,5.15,33.52
B2026-0282,72,5.45,30.67,39.19,5.36,35.16
B2026-0283,0,5.95,30.15,39.23,1.07,5.05
B2026-0283,6,6.08,30.33,38.09,1.06,11.55
B2026-0283,12,5.97,30.15,37.15,1.3,21.24
B2026-0283,18,5.82,30.04,32.9,1.53,25.47
B2026-0283,24,5.85,30.14,34.8,1.7,27.4
B2026-0283,30,5.84,29.96,30.96,1.97,31.07
B2026-0283,36,5.86,30.44,31.27,2.06,30.71
B2026-0283,42,5.74,30.07,29.49,2.35,30.23
B2026-0283,48,5.77,29.85,26.69,2.63,33.76
B2026-0283,54,5.64,30.42,24.67,2.44,34.14
B2026-0283,60,5.51,30.0,25.22,2.81,34.77
B2026-0283,66,5.51,30.26,19.01,3.21,33.49
B2026-0283,72,5.63,30.0,24.65,3.13,31.74
B2026-0284,0,6.33,30.86,42.63,0.96,5.22
B2026-0284,6,6.24,30.79,39.65,0.9,13.06
B2026-0284,12,6.24,30.89,36.85,1.07,18.04
B2026-0284,18,6.32,30.58,38.89,1.17,24.36
B2026-0284,24,6.18,30.86,36.89,1.46,26.02
B2026-0284,30,6.22,30.58,28.6,1.39,26.72
B2026-0284,36,6.11,31.01,27.47,1.67,30.94
B2026-0284,42,6.13,30.56,31.15,1.89,35.9
B2026-0284,48,6.0,30.73,28.55,2.03,34.27
B2026-0284,54,5.88,30.37,26.5,2.34,32.59
B2026-0284,60,5.92,30.49,27.34,2.47,33.92
B2026-0284,66,5.88,30.46,20.93,2.54,34.98
B2026-0284,72,5.86,30.62,23.54,2.88,34.3
B2026-0285,0,6.13,30.16,40.5,1.46,6.55
B2026-0285,6,6.13,30.31,38.26,1.6,13.37
B2026-0285,12,6.1,30.45,32.68,2.28,19.71
B2026-0285,18,6.04,29.93,35.53,2.36,21.83
B2026-0285,24,5.77,30.24,34.32,2.71,26.59
B2026-0285,30,5.9,30.3,34.9,2.72,30.56
B2026-0285,36,5.83,30.19,32.59,3.18,31.28
B2026-0285,42,5.76,29.91,29.29,3.47,32.67
B2026-0285,48,5.79,30.19,28.7,3.51,34.02
B2026-0285,54,5.79,30.14,27.37,3.7,33.73
B2026-0285,60,5.69,30.38,24.52,4.28,33.31
B2026-0285,66,5.52,30.16,23.73,4.47,34.46
B2026-0285,72,5.58,30.14,19.5,4.48,34.27
B2026-0286,0,5.97,29.77,37.11,1.07,7.18
B2026-0286,6,5.96,29.61,40.74,1.29,12.17
B2026-0286,12,5.87,29.7,34.49,1.52,18.5
B2026-0286,18,5.89,29.53,39.59,1.65,23.11
B2026-0286,24,5.82,29.58,39.94,1.66,28.45
B2026-0286,30,5.84,29.84,34.82,2.01,30.67
B2026-0286,36,5.78,29.72,34.83,2.22,30.17
B2026-0286,42,5.68,29.67,28.64,2.36,30.54
B2026-0286,48,5.71,29.49,26.23,2.47,31.99
B2026-0286,54,5.61,29.64,26.9,2.84,34.13
B2026-0286,60,5.64,29.32,23.39,3.06,34.21
B2026-0286,66,5.61,29.38,23.11,3.16,34.46
B2026-0286,72,5.51,29.68,22.25,3.55,36.97
B2026-0287,0,6.6,30.5,56.39,1.26,3.39
B2026-0287,6,6.64,30.25,53.17,1.24,13.55
B2026-0287,12,6.51,30.51,52.27,1.65,18.14
B2026-0287,18,6.53,30.67,49.19,1.87,22.76
B2026-0287,24,6.56,30.5,46.93,2.09,26.47
B2026-0287,30,6.54,30.48,44.11,2.38,31.82
B2026-0287,36,6.49,30.32,44.76,2.54,30.78
B2026-0287,42,6.39,30.44,41.88,2.88,30.31
B2026-0287,48,6.28,30.32,43.35,3.01,34.17
B2026-0287,54,6.24,30.3,39.66,3.2,33.77
B2026-0287,60,6.15,30.56,37.17,3.37,35.65
B2026-0287,66,6.07,30.54,38.01,3.57,33.54
B2026-0287,72,6.24,30.78,37.92,4.12,33.4
B2026-0288,0,6.02,30.07,52.64,0.85,2.61
B2026-0288,6,6.02,30.13,49.9,1.19,13.06
B2026-0288,12,5.96,30.01,45.33,1.47,17.88
B2026-0288,18,6.03,30.07,45.83,1.9,24.17
B2026-0288,24,5.92,29.99,42.33,1.89,27.29
B2026-0288,30,5.79,29.87,42.08,1.97,29.21
B2026-0288,36,5.87,30.06,42.63,2.24,30.74
B2026-0288,42,5.76,30.12,40.1,2.37,31.76
B2026-0288,48,5.77,30.12,39.0,2.63,33.99
B2026-0288,54,5.77,29.97,34.49,2.85,31.25
B2026-0288,60,5.71,30.25,38.04,3.0,35.07
B2026-0288,66,5.66,29.72,32.95,3.28,36.02
B2026-0288,72,5.56,30.16,31.82,3.37,33.6
B2026-0289,0,7.05,29.97,61.49,1.34,3.33
B2026-0289,6,6.84,29.83,61.0,1.5,10.19
B2026-0289,12,6.92,29.73,54.86,1.72,22.86
B2026-0289,18,6.88,29.93,54.99,2.06,25.73
B2026-0289,24,6.77,29.97,51.69,2.27,28.37
B2026-0289,30,6.63,29.94,49.34,2.44,27.29
B2026-0289,36,6.63,30.17,49.85,2.65,31.45
B2026-0289,42,6.72,29.94,47.8,2.85,33.62
B2026-0289,48,6.62,29.96,47.79,3.35,32.96
B2026-0289,54,6.56,30.29,48.09,3.51,32.71
B2026-0289,60,6.5,29.73,45.78,3.62,31.19
B2026-0289,66,6.57,29.95,41.83,3.66,34.95
B2026-0289,72,6.48,29.99,39.84,4.39,32.63
B2026-0290,0,6.14,31.14,62.11,0.88,5.7
B2026-0290,6,6.18,31.1,62.92,1.12,12.41
B2026-0290,12,6.09,31.16,61.83,1.28,20.27
B2026-0290,18,5.96,30.98,57.11,1.48,26.49
B2026-0290,24,5.93,30.91,58.83,1.72,27.06
B2026-0290,30,6.06,31.13,55.29,1.95,29.94
B2026-0290,36,5.97,31.03,55.36,2.2,30.67
B2026-0290,42,5.85,31.14,53.64,2.1,30.76
B2026-0290,48,5.82,31.0,53.88,2.93,29.16
B2026-0290,54,5.83,31.04,49.53,2.8,33.68
B2026-0290,60,5.74,31.04,49.42,2.98,34.18
B2026-0290,66,5.69,31.45,47.44,3.21,33.45
B2026-0290,72,5.69,31.06,41.32,3.22,33.33
B2026-0291,0,6.74,28.12,37.84,1.32,4.2
B2026-0291,6,6.66,28.13,35.42,1.21,13.24
B2026-0291,12,6.77,28.2,34.74,1.54,18.14
B2026-0291,18,6.66,28.18,31.39,1.62,23.69
B2026-0291,24,6.67,28.39,34.4,1.95,28.1
B2026-0291,30,6.5,28.39,33.13,2.32,31.64
B2026-0291,36,6.49,28.26,26.42,2.48,31.21
B2026-0291,42,6.48,28.21,25.69,2.74,31.75
B2026-0291,48,6.37,28.0,23.9,2.75,31.59
B2026-0291,54,6.37,28.26,22.17,3.4,31.56
B2026-0291,60,6.43,28.26,20.61,3.43,33.21
B2026-0291,66,6.27,28.55,15.95,3.55,34.49
B2026-0291,72,6.36,28.22,24.08,3.89,30.88
B2026-0292,0,6.19,29.04,44.28,1.34,3.32
B2026-0292,6,6.16,28.86,46.68,1.28,14.36
B2026-0292,12,6.26,28.96,40.59,1.83,18.35
B2026-0292,18,6.06,29.29,40.04,1.83,24.02
B2026-0292,24,6.1,29.23,39.47,2.2,27.33
B2026-0292,30,6.08,29.04,39.19,2.51,28.52
B2026-0292,36,6.08,28.95,38.67,2.9,29.79
B2026-0292,42,6.13,28.9,34.07,3.04,32.66
B2026-0292,48,5.95,29.13,34.4,3.47,32.77
B2026-0292,54,5.85,28.92,33.26,3.52,33.77
B2026-0292,60,5.81,29.17,34.6,3.71,36.61
B2026-0292,66,5.87,29.34,30.09,3.97,35.47
B2026-0292,72,5.75,29.07,30.22,4.29,34.39
B2026-0293,0,6.5,29.28,38.04,1.09,4.51
B2026-0293,6,6.4,29.07,35.93,1.29,13.84
B2026-0293,12,6.36,29.15,31.08,1.21,19.21
B2026-0293,18,6.44,29.18,35.66,1.55,23.64
B2026-0293,24,6.26,29.12,27.88,1.57,25.07
B2026-0293,30,6.28,29.06,27.67,1.99,26.82
B2026-0293,36,6.24,29.3,28.96,2.2,30.73
B2026-0293,42,6.16,29.16,28.81,2.36,31.83
B2026-0293,48,6.19,29.18,24.38,2.48,32.22
B2026-0293,54,6.17,28.88,23.3,2.65,30.6
B2026-0293,60,6.01,29.16,20.96,2.98,35.11
B2026-0293,66,5.94,29.23,20.63,3.11,34.96
B2026-0293,72,5.87,29.02,20.32,3.24,37.77
B2026-0294,0,5.82,29.98,38.56,1.16,3.56
B2026-0294,6,5.86,29.84,36.97,1.35,12.39
B2026-0294,12,5.82,29.35,35.94,1.61,20.13
B2026-0294,18,5.82,29.75,38.38,1.69,22.61
B2026-0294,24,5.78,29.88,34.71,1.81,27.25
B2026-0294,30,5.77,29.82,28.91,1.98,28.13
B2026-0294,36,5.6,29.43,34.06,2.16,29.6
B2026-0294,42,5.49,29.88,28.51,2.42,31.55
B2026-0294,48,5.6,29.67,23.13,2.51,30.83
B2026-0294,54,5.54,29.89,28.46,2.67,34.39
B2026-0294,60,5.44,30.18,26.71,3.27,35.1
B2026-0294,66,5.46,29.69,21.16,3.17,35.13
B2026-0294,72,5.49,29.69,19.33,3.29,34.8
B2026-0295,0,5.92,30.01,43.72,1.17,4.14
B2026-0295,6,5.89,29.66,38.49,1.54,11.18
B2026-0295,12,5.77,29.92,37.96,1.69,21.37
B2026-0295,18,5.75,30.03,34.35,1.75,27.2
B2026-0295,24,5.8,29.63,34.6,2.0,27.45
B2026-0295,30,5.72,30.1,33.12,2.33,30.12
B2026-0295,36,5.6,29.57,33.5,2.48,31.39
B2026-0295,42,5.5,30.12,30.18,2.48,30.04
B2026-0295,48,5.56,29.93,27.37,2.89,33.85
B2026-0295,54,5.48,29.72,28.63,3.15,34.31
B2026-0295,60,5.38,29.62,25.28,3.37,35.45
B2026-0295,66,5.43,29.75,21.93,3.47,34.2
B2026-0295,72,5.42,29.75,21.17,3.94,36.76
B2026-0296,0,6.26,29.17,35.3,0.86,3.52
B2026-0296,6,6.26,29.04,36.17,1.16,12.18
B2026-0296,12,6.25,28.96,31.6,1.32,19.23
B2026-0296,18,6.14,28.88,31.99,1.41,26.23
B2026-0296,24,6.27,28.54,32.19,1.73,26.5
B2026-0296,30,6.16,29.19,26.88,1.8,32.08
B2026-0296,36,5.99,28.93,27.15,2.09,32.59
B2026-0296,42,6.03,28.95,23.02,2.31,31.46
B2026-0296,48,5.97,29.09,25.27,2.43,33.75
B2026-0296,54,5.95,28.99,21.05,2.47,35.08
B2026-0296,60,5.84,28.84,19.95,2.68,36.0
B2026-0296,66,5.89,28.62,21.42,2.78,34.97
B2026-0296,72,5.8,28.82,18.4,2.95,34.89
B2026-0297,0,6.44,29.14,39.05,1.24,4.87
B2026-0297,6,6.42,29.2,34.64,1.43,11.55
B2026-0297,12,6.47,29.41,36.89,1.66,19.9
B2026-0297,18,6.28,29.4,33.07,1.7,25.64
B2026-0297,24,6.32,29.23,33.5,1.9,25.96
B2026-0297,30,6.22,29.19,28.2,2.24,27.62
B2026-0297,36,6.13,29.36,26.82,2.37,32.73
B2026-0297,42,6.21,29.54,26.37,2.71,31.17
B2026-0297,48,6.17,29.17,23.29,2.77,30.85
B2026-0297,54,6.13,29.26,23.8,2.85,34.51
B2026-0297,60,6.18,29.53,25.56,3.23,33.37
B2026-0297,66,6.07,29.27,16.69,3.53,33.86
B2026-0297,72,5.91,29.23,18.16,3.64,34.47
B2026-0298,0,6.25,29.2,44.54,1.11,5.88
B2026-0298,6,6.09,29.35,45.36,1.6,15.0
B2026-0298,12,5.98,29.47,42.22,1.67,19.18
B2026-0298,18,6.12,29.55,41.89,1.93,27.0
B2026-0298,24,5.97,29.16,37.98,2.14,28.78
B2026-0298,30,5.93,29.47,33.97,2.5,29.25
B2026-0298,36,5.9,29.72,37.49,2.47,30.64
B2026-0298,42,6.04,29.69,35.61,2.61,33.99
B2026-0298,48,5.79,29.6,30.73,3.12,31.89
B2026-0298,54,5.77,29.49,27.96,3.58,31.92
B2026-0298,60,5.68,29.49,31.6,3.48,32.29
B2026-0298,66,5.65,29.24,28.05,3.75,34.85
B2026-0298,72,5.69,29.52,25.03,3.9,34.67
B2026-0299,0,5.7,31.76,34.84,1.19,2.23
B2026-0299,6,5.63,31.89,32.42,1.45,10.67
B2026-0299,12,5.52,31.5,33.33,1.62,21.02
B2026-0299,18,5.65,31.85,29.85,1.65,24.78
B2026-0299,24,5.62,31.57,32.52,1.73,27.41
B2026-0299,30,5.49,31.69,28.41,2.07,29.81
B2026-0299,36,5.45,31.86,29.95,2.4,29.58
B2026-0299,42,5.34,31.97,28.32,2.7,32.08
B2026-0299,48,5.42,31.92,22.36,2.81,31.19
B2026-0299,54,5.32,31.95,24.17,3.04,29.42
B2026-0299,60,5.24,31.74,20.0,3.24,34.26
B2026-0299,66,5.21,31.72,18.55,3.36,36.98
B2026-0299,72,5.17,31.38,20.83,3.56,35.78
B2026-0300,0,5.63,31.35,52.64,1.26,3.68
B2026-0300,6,5.59,31.3,50.39,1.12,11.89
B2026-0300,12,5.76,30.99,50.05,1.54,21.84
B2026-0300,18,5.48,31.28,49.36,1.77,22.44
B2026-0300,24,5.51,31.21,45.78,2.12,27.43
B2026-0300,30,5.5,31.31,46.74,2.38,28.71
B2026-0300,36,5.47,31.07,38.73,2.66,30.3
B2026-0300,42,5.4,31.08,39.11,2.57,32.96
B2026-0300,48,5.31,31.21,38.58,3.01,34.15
B2026-0300,54,5.27,31.36,38.0,3.05,33.38
B2026-0300,60,5.3,31.13,37.91,3.6,34.17
B2026-0300,66,5.22,31.25,36.28,3.33,36.76
B2026-0300,72,5.23,31.16,33.8,3.67,34.88
